{
    "best_model_path": "./checkpoints/FHM/round_1_ckpt.pth",
    "best_epoch": {
        "accuracy": 0.62,
        "macro_f1": 0.5766488413547237,
        "f1_score": 0.4411764705882353,
        "precision": 0.6,
        "recall": 0.3488372093023256,
        "roc_auc": 0.5866993064055487
    },
    "epoch_0": {
        "accuracy": 0.57,
        "macro_f1": 0.3630573248407643,
        "f1_score": 0.0,
        "precision": 0.0,
        "recall": 0.0,
        "roc_auc": 0.5
    },
    "epoch_1": {
        "accuracy": 0.57,
        "macro_f1": 0.3630573248407643,
        "f1_score": 0.0,
        "precision": 0.0,
        "recall": 0.0,
        "roc_auc": 0.5
    },
    "epoch_2": {
        "accuracy": 0.6,
        "macro_f1": 0.45175438596491224,
        "f1_score": 0.16666666666666666,
        "precision": 0.8,
        "recall": 0.09302325581395349,
        "roc_auc": 0.5377396980824153
    },
    "epoch_3": {
        "accuracy": 0.62,
        "macro_f1": 0.5558672276764843,
        "f1_score": 0.3870967741935484,
        "precision": 0.631578947368421,
        "recall": 0.27906976744186046,
        "roc_auc": 0.5781313749490005
    },
    "epoch_4": {
        "accuracy": 0.62,
        "macro_f1": 0.5634191176470589,
        "f1_score": 0.40625,
        "precision": 0.6190476190476191,
        "recall": 0.3023255813953488,
        "roc_auc": 0.5809873521011832
    },
    "epoch_5": {
        "accuracy": 0.62,
        "macro_f1": 0.5287698412698413,
        "f1_score": 0.32142857142857145,
        "precision": 0.6923076923076923,
        "recall": 0.20930232558139536,
        "roc_auc": 0.569563443492452
    },
    "epoch_6": {
        "accuracy": 0.61,
        "macro_f1": 0.5623386825272135,
        "f1_score": 0.417910447761194,
        "precision": 0.5833333333333334,
        "recall": 0.32558139534883723,
        "roc_auc": 0.5750713994288047
    },
    "epoch_7": {
        "accuracy": 0.6,
        "macro_f1": 0.5477159656264134,
        "f1_score": 0.3939393939393939,
        "precision": 0.5652173913043478,
        "recall": 0.3023255813953488,
        "roc_auc": 0.5634434924520605
    },
    "epoch_8": {
        "accuracy": 0.62,
        "macro_f1": 0.5766488413547237,
        "f1_score": 0.4411764705882353,
        "precision": 0.6,
        "recall": 0.3488372093023256,
        "roc_auc": 0.5866993064055487
    },
    "epoch_9": {
        "accuracy": 0.62,
        "macro_f1": 0.5703301673450927,
        "f1_score": 0.42424242424242425,
        "precision": 0.6086956521739131,
        "recall": 0.32558139534883723,
        "roc_auc": 0.583843329253366
    }
}