{
    "best_model_path": "./checkpoints/FHM/round_0_ckpt.pth",
    "best_epoch": {
        "accuracy": 0.56,
        "macro_f1": 0.5280995280995281,
        "f1_score": 0.40540540540540543,
        "precision": 0.4838709677419355,
        "recall": 0.3488372093023256,
        "roc_auc": 0.5340677274581803
    },
    "epoch_0": {
        "accuracy": 0.43,
        "macro_f1": 0.3006993006993007,
        "f1_score": 0.6013986013986014,
        "precision": 0.43,
        "recall": 1.0,
        "roc_auc": 0.5
    },
    "epoch_1": {
        "accuracy": 0.43,
        "macro_f1": 0.3006993006993007,
        "f1_score": 0.6013986013986014,
        "precision": 0.43,
        "recall": 1.0,
        "roc_auc": 0.5
    },
    "epoch_2": {
        "accuracy": 0.43,
        "macro_f1": 0.3006993006993007,
        "f1_score": 0.6013986013986014,
        "precision": 0.43,
        "recall": 1.0,
        "roc_auc": 0.5
    },
    "epoch_3": {
        "accuracy": 0.43,
        "macro_f1": 0.3148214929679048,
        "f1_score": 0.5957446808510638,
        "precision": 0.42857142857142855,
        "recall": 0.9767441860465116,
        "roc_auc": 0.4971440228478172
    },
    "epoch_4": {
        "accuracy": 0.44,
        "macro_f1": 0.3333333333333333,
        "f1_score": 0.6,
        "precision": 0.4329896907216495,
        "recall": 0.9767441860465116,
        "roc_auc": 0.5059159526723785
    },
    "epoch_5": {
        "accuracy": 0.52,
        "macro_f1": 0.5104039167686658,
        "f1_score": 0.5789473684210527,
        "precision": 0.4647887323943662,
        "recall": 0.7674418604651163,
        "roc_auc": 0.5503875968992249
    },
    "epoch_6": {
        "accuracy": 0.52,
        "macro_f1": 0.5169082125603865,
        "f1_score": 0.5555555555555556,
        "precision": 0.46153846153846156,
        "recall": 0.6976744186046512,
        "roc_auc": 0.5418196654426763
    },
    "epoch_7": {
        "accuracy": 0.5,
        "macro_f1": 0.49919871794871795,
        "f1_score": 0.4791666666666667,
        "precision": 0.4339622641509434,
        "recall": 0.5348837209302325,
        "roc_auc": 0.5042839657282742
    },
    "epoch_8": {
        "accuracy": 0.56,
        "macro_f1": 0.5280995280995281,
        "f1_score": 0.40540540540540543,
        "precision": 0.4838709677419355,
        "recall": 0.3488372093023256,
        "roc_auc": 0.5340677274581803
    },
    "epoch_9": {
        "accuracy": 0.54,
        "macro_f1": 0.44147644487615345,
        "f1_score": 0.20689655172413793,
        "precision": 0.4,
        "recall": 0.13953488372093023,
        "roc_auc": 0.4908200734394125
    }
}