{
    "best_model_path": "/apdcephfs_qy3/share_1565115/modihanwang/MultiAgentsProject/model/MAST-PNU_full/checkpoints/HSOL/round_8_ckpt.pth",
    "best_epoch": {
        "accuracy": 0.874,
        "macro_f1": 0.8733062248874839,
        "f1_score": 0.88268156424581,
        "precision": 0.8525179856115108,
        "recall": 0.915057915057915,
        "roc_auc": 0.8724667168650571
    },
    "epoch_0": {
        "accuracy": 0.86,
        "macro_f1": 0.8596766951055231,
        "f1_score": 0.8664122137404581,
        "precision": 0.8566037735849057,
        "recall": 0.8764478764478765,
        "roc_auc": 0.8593857639500794
    },
    "epoch_1": {
        "accuracy": 0.855,
        "macro_f1": 0.8548221571424997,
        "f1_score": 0.8599033816425121,
        "precision": 0.8607350096711799,
        "recall": 0.859073359073359,
        "roc_auc": 0.8548478828561815
    },
    "epoch_2": {
        "accuracy": 0.851,
        "macro_f1": 0.8509569265517735,
        "f1_score": 0.8534906588003933,
        "precision": 0.8697394789579158,
        "recall": 0.8378378378378378,
        "roc_auc": 0.8514915330268028
    },
    "epoch_3": {
        "accuracy": 0.874,
        "macro_f1": 0.8725681760258261,
        "f1_score": 0.8860759493670886,
        "precision": 0.8333333333333334,
        "recall": 0.9459459459459459,
        "roc_auc": 0.8713132219356287
    },
    "epoch_4": {
        "accuracy": 0.864,
        "macro_f1": 0.8635409517617265,
        "f1_score": 0.8714555765595463,
        "precision": 0.8537037037037037,
        "recall": 0.88996138996139,
        "roc_auc": 0.8630304875118153
    },
    "epoch_5": {
        "accuracy": 0.86,
        "macro_f1": 0.8597031318269458,
        "f1_score": 0.8661567877629063,
        "precision": 0.8579545454545454,
        "recall": 0.8745173745173745,
        "roc_auc": 0.8594578573831686
    },
    "epoch_6": {
        "accuracy": 0.874,
        "macro_f1": 0.8733062248874839,
        "f1_score": 0.88268156424581,
        "precision": 0.8525179856115108,
        "recall": 0.915057915057915,
        "roc_auc": 0.8724667168650571
    },
    "epoch_7": {
        "accuracy": 0.865,
        "macro_f1": 0.86299409656785,
        "f1_score": 0.8795718108831401,
        "precision": 0.8175787728026535,
        "recall": 0.9517374517374517,
        "roc_auc": 0.8617608420512985
    },
    "epoch_8": {
        "accuracy": 0.861,
        "macro_f1": 0.8590708204612947,
        "f1_score": 0.8755595344673232,
        "precision": 0.8163606010016694,
        "recall": 0.944015444015444,
        "roc_auc": 0.8578998381902947
    },
    "epoch_9": {
        "accuracy": 0.858,
        "macro_f1": 0.8559253246753247,
        "f1_score": 0.8732142857142857,
        "precision": 0.8122923588039868,
        "recall": 0.944015444015444,
        "roc_auc": 0.8547878049952737
    }
}