{
    "best_model_path": "/apdcephfs_qy3/share_1565115/modihanwang/MultiAgentsProject/model/MAST-PNU_full/checkpoints/HSOL/round_1_ckpt.pth",
    "best_epoch": {
        "accuracy": 0.819,
        "macro_f1": 0.8185643730597163,
        "f1_score": 0.8096740273396424,
        "precision": 0.8891454965357968,
        "recall": 0.7432432432432432,
        "roc_auc": 0.8218290905012896
    },
    "epoch_0": {
        "accuracy": 0.482,
        "macro_f1": 0.3252361673414305,
        "f1_score": 0.0,
        "precision": 0.0,
        "recall": 0.0,
        "roc_auc": 0.5
    },
    "epoch_1": {
        "accuracy": 0.72,
        "macro_f1": 0.7101881293057764,
        "f1_score": 0.6568627450980392,
        "precision": 0.8993288590604027,
        "recall": 0.5173745173745173,
        "roc_auc": 0.7275669267370511
    },
    "epoch_2": {
        "accuracy": 0.819,
        "macro_f1": 0.8185643730597163,
        "f1_score": 0.8096740273396424,
        "precision": 0.8891454965357968,
        "recall": 0.7432432432432432,
        "roc_auc": 0.8218290905012896
    },
    "epoch_3": {
        "accuracy": 0.743,
        "macro_f1": 0.7380841004819456,
        "f1_score": 0.7022016222479722,
        "precision": 0.8782608695652174,
        "recall": 0.584942084942085,
        "roc_auc": 0.7489025777407521
    },
    "epoch_4": {
        "accuracy": 0.713,
        "macro_f1": 0.7034998383195983,
        "f1_score": 0.6504263093788063,
        "precision": 0.8811881188118812,
        "recall": 0.5154440154440154,
        "roc_auc": 0.7203776093817588
    },
    "epoch_5": {
        "accuracy": 0.751,
        "macro_f1": 0.7483300333235293,
        "f1_score": 0.7224080267558528,
        "precision": 0.8548812664907651,
        "recall": 0.6254826254826255,
        "roc_auc": 0.7556873708325991
    },
    "epoch_6": {
        "accuracy": 0.759,
        "macro_f1": 0.7567108927902635,
        "f1_score": 0.7331118493909191,
        "precision": 0.8597402597402597,
        "recall": 0.638996138996139,
        "roc_auc": 0.7634814719876961
    },
    "epoch_7": {
        "accuracy": 0.801,
        "macro_f1": 0.8009552149233578,
        "f1_score": 0.7979695431472081,
        "precision": 0.841541755888651,
        "recall": 0.7586872586872587,
        "roc_auc": 0.802580143866451
    },
    "epoch_8": {
        "accuracy": 0.676,
        "macro_f1": 0.6627796119051286,
        "f1_score": 0.5960099750623441,
        "precision": 0.8415492957746479,
        "recall": 0.4613899613899614,
        "roc_auc": 0.6840144827696696
    },
    "epoch_9": {
        "accuracy": 0.761,
        "macro_f1": 0.7590917658775158,
        "f1_score": 0.7376509330406147,
        "precision": 0.8549618320610687,
        "recall": 0.6486486486486487,
        "roc_auc": 0.76519569361893
    }
}