{
    "best_model_path": "/apdcephfs_qy3/share_1565115/modihanwang/MultiAgentsProject/model/MAST-PNU_full/checkpoints/HSOL/round_0_ckpt.pth",
    "best_epoch": {
        "accuracy": 0.847,
        "macro_f1": 0.846310085975946,
        "f1_score": 0.8566073102155577,
        "precision": 0.8324225865209471,
        "recall": 0.8822393822393823,
        "roc_auc": 0.8456840064723883
    },
    "epoch_0": {
        "accuracy": 0.53,
        "macro_f1": 0.3814975654691407,
        "f1_score": 0.6845637583892618,
        "precision": 0.5246913580246914,
        "recall": 0.9845559845559846,
        "roc_auc": 0.5130248802447973
    },
    "epoch_1": {
        "accuracy": 0.658,
        "macro_f1": 0.6378284959080974,
        "f1_score": 0.7233009708737864,
        "precision": 0.6225626740947076,
        "recall": 0.862934362934363,
        "roc_auc": 0.6503468495169741
    },
    "epoch_2": {
        "accuracy": 0.535,
        "macro_f1": 0.3808247414443961,
        "f1_score": 0.6897931954636425,
        "precision": 0.527013251783894,
        "recall": 0.9980694980694981,
        "roc_auc": 0.5177069482048735
    },
    "epoch_3": {
        "accuracy": 0.661,
        "macro_f1": 0.616983342729858,
        "f1_score": 0.7468259895444361,
        "precision": 0.6090133982947625,
        "recall": 0.9652509652509652,
        "roc_auc": 0.6496379307582627
    },
    "epoch_4": {
        "accuracy": 0.636,
        "macro_f1": 0.5845204178537512,
        "f1_score": 0.7307692307692307,
        "precision": 0.592326139088729,
        "recall": 0.9536679536679536,
        "roc_auc": 0.6241368813982922
    },
    "epoch_5": {
        "accuracy": 0.753,
        "macro_f1": 0.740794260954066,
        "f1_score": 0.7970419063270336,
        "precision": 0.6938483547925608,
        "recall": 0.9362934362934363,
        "roc_auc": 0.7461550169019049
    },
    "epoch_6": {
        "accuracy": 0.751,
        "macro_f1": 0.7411575144884223,
        "f1_score": 0.7916317991631799,
        "precision": 0.6986706056129985,
        "recall": 0.9131274131274131,
        "roc_auc": 0.7449454493022957
    },
    "epoch_7": {
        "accuracy": 0.72,
        "macro_f1": 0.701964056865258,
        "f1_score": 0.7752808988764045,
        "precision": 0.6634615384615384,
        "recall": 0.9324324324324325,
        "roc_auc": 0.7120668386228552
    },
    "epoch_8": {
        "accuracy": 0.765,
        "macro_f1": 0.7584230680270361,
        "f1_score": 0.7982832618025751,
        "precision": 0.7187017001545595,
        "recall": 0.8976833976833977,
        "roc_auc": 0.7600450183437735
    },
    "epoch_9": {
        "accuracy": 0.847,
        "macro_f1": 0.846310085975946,
        "f1_score": 0.8566073102155577,
        "precision": 0.8324225865209471,
        "recall": 0.8822393822393823,
        "roc_auc": 0.8456840064723883
    }
}