{
    "best_model_path": "/apdcephfs_qy3/share_1565115/modihanwang/MultiAgentsProject/model/MAST-PNU_full/checkpoints/HSOL/round_10_ckpt.pth",
    "best_epoch": {
        "accuracy": 0.868,
        "macro_f1": 0.8675847457627119,
        "f1_score": 0.875,
        "precision": 0.8587360594795539,
        "recall": 0.8918918918918919,
        "roc_auc": 0.8671077716720871
    },
    "epoch_0": {
        "accuracy": 0.854,
        "macro_f1": 0.8539012372363718,
        "f1_score": 0.8576998050682261,
        "precision": 0.8661417322834646,
        "recall": 0.8494208494208494,
        "roc_auc": 0.854171005623288
    },
    "epoch_1": {
        "accuracy": 0.838,
        "macro_f1": 0.8379066342213115,
        "f1_score": 0.8340163934426229,
        "precision": 0.888646288209607,
        "recall": 0.7857142857142857,
        "roc_auc": 0.8399525785417901
    },
    "epoch_2": {
        "accuracy": 0.852,
        "macro_f1": 0.8519520324585166,
        "f1_score": 0.8546168958742633,
        "precision": 0.87,
        "recall": 0.8397683397683398,
        "roc_auc": 0.8524567839920537
    },
    "epoch_3": {
        "accuracy": 0.855,
        "macro_f1": 0.854967367657723,
        "f1_score": 0.8571428571428571,
        "precision": 0.8752515090543259,
        "recall": 0.8397683397683398,
        "roc_auc": 0.8555688171870744
    },
    "epoch_4": {
        "accuracy": 0.844,
        "macro_f1": 0.8439900153609832,
        "f1_score": 0.8452380952380952,
        "precision": 0.8693877551020408,
        "recall": 0.8223938223938224,
        "roc_auc": 0.8448068697031352
    },
    "epoch_5": {
        "accuracy": 0.868,
        "macro_f1": 0.8675847457627119,
        "f1_score": 0.875,
        "precision": 0.8587360594795539,
        "recall": 0.8918918918918919,
        "roc_auc": 0.8671077716720871
    },
    "epoch_6": {
        "accuracy": 0.868,
        "macro_f1": 0.8670164536915024,
        "f1_score": 0.8784530386740331,
        "precision": 0.8397887323943662,
        "recall": 0.9208494208494209,
        "roc_auc": 0.8660263701757478
    },
    "epoch_7": {
        "accuracy": 0.84,
        "macro_f1": 0.8399359743897559,
        "f1_score": 0.8367346938775511,
        "precision": 0.8874458874458875,
        "recall": 0.7915057915057915,
        "roc_auc": 0.8418109870392028
    },
    "epoch_8": {
        "accuracy": 0.83,
        "macro_f1": 0.8239079183429943,
        "f1_score": 0.8566610455311973,
        "precision": 0.7604790419161677,
        "recall": 0.9806949806949807,
        "roc_auc": 0.8243723866130506
    },
    "epoch_9": {
        "accuracy": 0.847,
        "macro_f1": 0.8468123451227754,
        "f1_score": 0.8521739130434782,
        "precision": 0.8529980657640233,
        "recall": 0.8513513513513513,
        "roc_auc": 0.8468375014018167
    }
}