{
    "best_model_path": "/apdcephfs_qy3/share_1565115/modihanwang/MultiAgentsProject/model/MAST-PNU_full/checkpoints/HSOL/round_11_ckpt.pth",
    "best_epoch": {
        "accuracy": 0.863,
        "macro_f1": 0.8625534361139342,
        "f1_score": 0.8703878902554399,
        "precision": 0.8534322820037106,
        "recall": 0.888030888030888,
        "roc_auc": 0.8620652365465643
    },
    "epoch_0": {
        "accuracy": 0.84,
        "macro_f1": 0.8398558702832549,
        "f1_score": 0.8350515463917526,
        "precision": 0.8960176991150443,
        "recall": 0.7818532818532818,
        "roc_auc": 0.8421714542046492
    },
    "epoch_1": {
        "accuracy": 0.834,
        "macro_f1": 0.8338298417579602,
        "f1_score": 0.8285123966942148,
        "precision": 0.8911111111111111,
        "recall": 0.7741312741312741,
        "roc_auc": 0.8362357615469649
    },
    "epoch_2": {
        "accuracy": 0.854,
        "macro_f1": 0.8538105384578414,
        "f1_score": 0.859073359073359,
        "precision": 0.859073359073359,
        "recall": 0.859073359073359,
        "roc_auc": 0.8538105384578414
    },
    "epoch_3": {
        "accuracy": 0.856,
        "macro_f1": 0.8555788679790268,
        "f1_score": 0.8633776091081594,
        "precision": 0.8488805970149254,
        "recall": 0.8783783783783784,
        "roc_auc": 0.855164292923629
    },
    "epoch_4": {
        "accuracy": 0.845,
        "macro_f1": 0.844998604987445,
        "f1_score": 0.8454636091724825,
        "precision": 0.8742268041237113,
        "recall": 0.8185328185328186,
        "roc_auc": 0.8459884009676542
    },
    "epoch_5": {
        "accuracy": 0.84,
        "macro_f1": 0.8399769566817622,
        "f1_score": 0.8380566801619433,
        "precision": 0.8808510638297873,
        "recall": 0.7992277992277992,
        "roc_auc": 0.8415226133068456
    },
    "epoch_6": {
        "accuracy": 0.851,
        "macro_f1": 0.8509342620095461,
        "f1_score": 0.8540646425073457,
        "precision": 0.8667992047713717,
        "recall": 0.8416988416988417,
        "roc_auc": 0.8513473461606242
    },
    "epoch_7": {
        "accuracy": 0.824,
        "macro_f1": 0.8237963085326637,
        "f1_score": 0.8178053830227743,
        "precision": 0.8816964285714286,
        "recall": 0.7625482625482626,
        "roc_auc": 0.826294878162098
    },
    "epoch_8": {
        "accuracy": 0.863,
        "macro_f1": 0.8625534361139342,
        "f1_score": 0.8703878902554399,
        "precision": 0.8534322820037106,
        "recall": 0.888030888030888,
        "roc_auc": 0.8620652365465643
    },
    "epoch_9": {
        "accuracy": 0.842,
        "macro_f1": 0.8419943117952247,
        "f1_score": 0.8429423459244533,
        "precision": 0.8688524590163934,
        "recall": 0.8185328185328186,
        "roc_auc": 0.8428763677726334
    }
}