{
    "best_model_path": "/apdcephfs_qy3/share_1565115/modihanwang/MultiAgentsProject/model/MAST-PNU_full/checkpoints/HSOL/round_6_ckpt.pth",
    "best_epoch": {
        "accuracy": 0.872,
        "macro_f1": 0.870600414078675,
        "f1_score": 0.8840579710144928,
        "precision": 0.8327645051194539,
        "recall": 0.9420849420849421,
        "roc_auc": 0.8693827200051267
    },
    "epoch_0": {
        "accuracy": 0.815,
        "macro_f1": 0.8138965928992999,
        "f1_score": 0.7995666305525461,
        "precision": 0.9111111111111111,
        "recall": 0.7123552123552124,
        "roc_auc": 0.8188332078373572
    },
    "epoch_1": {
        "accuracy": 0.862,
        "macro_f1": 0.861891723110919,
        "f1_score": 0.8657587548638133,
        "precision": 0.8725490196078431,
        "recall": 0.859073359073359,
        "roc_auc": 0.8621092936445633
    },
    "epoch_2": {
        "accuracy": 0.864,
        "macro_f1": 0.8636859323882224,
        "f1_score": 0.8702290076335878,
        "precision": 0.8603773584905661,
        "recall": 0.8803088803088803,
        "roc_auc": 0.8633909546772617
    },
    "epoch_3": {
        "accuracy": 0.844,
        "macro_f1": 0.8439975039600633,
        "f1_score": 0.8446215139442231,
        "precision": 0.8724279835390947,
        "recall": 0.8185328185328186,
        "roc_auc": 0.8449510565693139
    },
    "epoch_4": {
        "accuracy": 0.87,
        "macro_f1": 0.8687907757896777,
        "f1_score": 0.8813868613138686,
        "precision": 0.8356401384083045,
        "recall": 0.9324324324324325,
        "roc_auc": 0.8676684983738926
    },
    "epoch_5": {
        "accuracy": 0.872,
        "macro_f1": 0.870600414078675,
        "f1_score": 0.8840579710144928,
        "precision": 0.8327645051194539,
        "recall": 0.9420849420849421,
        "roc_auc": 0.8693827200051267
    },
    "epoch_6": {
        "accuracy": 0.843,
        "macro_f1": 0.8429923066230245,
        "f1_score": 0.8418932527693856,
        "precision": 0.88,
        "recall": 0.806949806949807,
        "roc_auc": 0.8443462727695092
    },
    "epoch_7": {
        "accuracy": 0.86,
        "macro_f1": 0.8595274503429537,
        "f1_score": 0.8676748582230623,
        "precision": 0.85,
        "recall": 0.8861003861003861,
        "roc_auc": 0.8590252967846328
    },
    "epoch_8": {
        "accuracy": 0.778,
        "macro_f1": 0.7772506712581123,
        "f1_score": 0.7643312101910829,
        "precision": 0.8490566037735849,
        "recall": 0.694980694980695,
        "roc_auc": 0.7811003059965715
    },
    "epoch_9": {
        "accuracy": 0.756,
        "macro_f1": 0.7541819295509589,
        "f1_score": 0.7330415754923414,
        "precision": 0.8459595959595959,
        "recall": 0.6467181467181468,
        "roc_auc": 0.7600810650603183
    }
}