{
    "best_model_path": "/apdcephfs_qy3/share_1565115/modihanwang/MultiAgentsProject/model/MAST-PNU_full/checkpoints/HSOL/round_7_ckpt.pth",
    "best_epoch": {
        "accuracy": 0.87,
        "macro_f1": 0.86889028739249,
        "f1_score": 0.8809523809523809,
        "precision": 0.837979094076655,
        "recall": 0.9285714285714286,
        "roc_auc": 0.8678126852400712
    },
    "epoch_0": {
        "accuracy": 0.852,
        "macro_f1": 0.851999407997632,
        "f1_score": 0.8517034068136272,
        "precision": 0.8854166666666666,
        "recall": 0.8204633204633205,
        "roc_auc": 0.8531777183229465
    },
    "epoch_1": {
        "accuracy": 0.87,
        "macro_f1": 0.86889028739249,
        "f1_score": 0.8809523809523809,
        "precision": 0.837979094076655,
        "recall": 0.9285714285714286,
        "roc_auc": 0.8678126852400712
    },
    "epoch_2": {
        "accuracy": 0.864,
        "macro_f1": 0.8635721623009759,
        "f1_score": 0.8712121212121212,
        "precision": 0.8550185873605948,
        "recall": 0.888030888030888,
        "roc_auc": 0.8631025809449047
    },
    "epoch_3": {
        "accuracy": 0.869,
        "macro_f1": 0.8682589566310497,
        "f1_score": 0.878139534883721,
        "precision": 0.8473967684021544,
        "recall": 0.9111969111969112,
        "roc_auc": 0.8674241817395343
    },
    "epoch_4": {
        "accuracy": 0.852,
        "macro_f1": 0.8498376623376623,
        "f1_score": 0.8678571428571429,
        "precision": 0.8073089700996677,
        "recall": 0.9382239382239382,
        "roc_auc": 0.8487800189045003
    },
    "epoch_5": {
        "accuracy": 0.858,
        "macro_f1": 0.8567341025299546,
        "f1_score": 0.870201096892139,
        "precision": 0.8263888888888888,
        "recall": 0.918918918918919,
        "roc_auc": 0.8557250196254346
    },
    "epoch_6": {
        "accuracy": 0.851,
        "macro_f1": 0.848786076952664,
        "f1_score": 0.8670829616413916,
        "precision": 0.8059701492537313,
        "recall": 0.9382239382239382,
        "roc_auc": 0.84774267450616
    },
    "epoch_7": {
        "accuracy": 0.861,
        "macro_f1": 0.8579300095769483,
        "f1_score": 0.8788142981691369,
        "precision": 0.8012718600953895,
        "recall": 0.972972972972973,
        "roc_auc": 0.8568184366939554
    },
    "epoch_8": {
        "accuracy": 0.846,
        "macro_f1": 0.8454057396632656,
        "f1_score": 0.8549905838041432,
        "precision": 0.8345588235294118,
        "recall": 0.8764478764478765,
        "roc_auc": 0.8448629423733158
    },
    "epoch_9": {
        "accuracy": 0.849,
        "macro_f1": 0.848541839063166,
        "f1_score": 0.8568720379146919,
        "precision": 0.8417132216014898,
        "recall": 0.8725868725868726,
        "roc_auc": 0.8481191624345151
    }
}