{
    "best_model_path": "/apdcephfs_qy3/share_1565115/modihanwang/MultiAgentsProject/model/MAST-PNU_full/checkpoints/HSOL/round_2_ckpt.pth",
    "best_epoch": {
        "accuracy": 0.862,
        "macro_f1": 0.8619911674347158,
        "f1_score": 0.8630952380952381,
        "precision": 0.8877551020408163,
        "recall": 0.8397683397683398,
        "roc_auc": 0.8628302279754562
    },
    "epoch_0": {
        "accuracy": 0.66,
        "macro_f1": 0.6328357177413781,
        "f1_score": 0.532967032967033,
        "precision": 0.9238095238095239,
        "recall": 0.3745173745173745,
        "roc_auc": 0.6706611768852432
    },
    "epoch_1": {
        "accuracy": 0.862,
        "macro_f1": 0.8619911674347158,
        "f1_score": 0.8630952380952381,
        "precision": 0.8877551020408163,
        "recall": 0.8397683397683398,
        "roc_auc": 0.8628302279754562
    },
    "epoch_2": {
        "accuracy": 0.859,
        "macro_f1": 0.8587138956386683,
        "f1_score": 0.8650717703349282,
        "precision": 0.857685009487666,
        "recall": 0.8725868725868726,
        "roc_auc": 0.8584926064179176
    },
    "epoch_3": {
        "accuracy": 0.786,
        "macro_f1": 0.7846215780998389,
        "f1_score": 0.7673913043478261,
        "precision": 0.8781094527363185,
        "recall": 0.6814671814671814,
        "roc_auc": 0.7899037152149185
    },
    "epoch_4": {
        "accuracy": 0.71,
        "macro_f1": 0.6998377053524112,
        "f1_score": 0.6446078431372549,
        "precision": 0.8825503355704698,
        "recall": 0.5077220077220077,
        "roc_auc": 0.7175539499190952
    },
    "epoch_5": {
        "accuracy": 0.781,
        "macro_f1": 0.7794808435310856,
        "f1_score": 0.7611777535441657,
        "precision": 0.87468671679198,
        "recall": 0.6737451737451737,
        "roc_auc": 0.7850053669555743
    },
    "epoch_6": {
        "accuracy": 0.745,
        "macro_f1": 0.7392102057784882,
        "f1_score": 0.700352526439483,
        "precision": 0.8948948948948949,
        "recall": 0.5752895752895753,
        "roc_auc": 0.7513377337028789
    },
    "epoch_7": {
        "accuracy": 0.668,
        "macro_f1": 0.6473472439974677,
        "f1_score": 0.5620052770448549,
        "precision": 0.8875,
        "recall": 0.4111969111969112,
        "roc_auc": 0.6775901568432688
    },
    "epoch_8": {
        "accuracy": 0.762,
        "macro_f1": 0.7579086562913233,
        "f1_score": 0.7264367816091954,
        "precision": 0.8977272727272727,
        "recall": 0.61003861003861,
        "roc_auc": 0.7676749066790561
    },
    "epoch_9": {
        "accuracy": 0.751,
        "macro_f1": 0.7453464362307591,
        "f1_score": 0.7074030552291422,
        "precision": 0.9039039039039038,
        "recall": 0.581081081081081,
        "roc_auc": 0.7573455197936526
    }
}