{
    "best_model_path": "/apdcephfs_qy3/share_1565115/modihanwang/MultiAgentsProject/model/MAST-PNU_full/checkpoints/HSOL/round_15_ckpt.pth",
    "best_epoch": {
        "accuracy": 0.876,
        "macro_f1": 0.8739345435617152,
        "f1_score": 0.8900709219858156,
        "precision": 0.8229508196721311,
        "recall": 0.9691119691119691,
        "roc_auc": 0.8725227895352378
    },
    "epoch_0": {
        "accuracy": 0.857,
        "macro_f1": 0.8568246101474306,
        "f1_score": 0.8618357487922705,
        "precision": 0.8626692456479691,
        "recall": 0.861003861003861,
        "roc_auc": 0.8568504782197727
    },
    "epoch_1": {
        "accuracy": 0.876,
        "macro_f1": 0.8739345435617152,
        "f1_score": 0.8900709219858156,
        "precision": 0.8229508196721311,
        "recall": 0.9691119691119691,
        "roc_auc": 0.8725227895352378
    },
    "epoch_2": {
        "accuracy": 0.873,
        "macro_f1": 0.8720314057098176,
        "f1_score": 0.8831646734130635,
        "precision": 0.843585237258348,
        "recall": 0.9266409266409267,
        "roc_auc": 0.8709968118681812
    },
    "epoch_3": {
        "accuracy": 0.821,
        "macro_f1": 0.8209912285701999,
        "f1_score": 0.8197381671701913,
        "precision": 0.8568421052631578,
        "recall": 0.7857142857142857,
        "roc_auc": 0.822317723770006
    },
    "epoch_4": {
        "accuracy": 0.867,
        "macro_f1": 0.8650238136557336,
        "f1_score": 0.8813559322033898,
        "precision": 0.8192371475953566,
        "recall": 0.9536679536679536,
        "roc_auc": 0.8637634374148898
    },
    "epoch_5": {
        "accuracy": 0.814,
        "macro_f1": 0.8139255702280912,
        "f1_score": 0.810204081632653,
        "precision": 0.8593073593073594,
        "recall": 0.7664092664092664,
        "roc_auc": 0.8157772473125171
    },
    "epoch_6": {
        "accuracy": 0.81,
        "macro_f1": 0.8099969599513592,
        "f1_score": 0.8107569721115537,
        "precision": 0.8374485596707819,
        "recall": 0.7857142857142857,
        "roc_auc": 0.8109069353882632
    },
    "epoch_7": {
        "accuracy": 0.828,
        "macro_f1": 0.827724358974359,
        "f1_score": 0.8346153846153846,
        "precision": 0.8314176245210728,
        "recall": 0.8378378378378378,
        "roc_auc": 0.8276326118649769
    },
    "epoch_8": {
        "accuracy": 0.825,
        "macro_f1": 0.8248092172375717,
        "f1_score": 0.8305905130687319,
        "precision": 0.8330097087378641,
        "recall": 0.8281853281853282,
        "roc_auc": 0.8248810458354027
    },
    "epoch_9": {
        "accuracy": 0.833,
        "macro_f1": 0.8327951740882581,
        "f1_score": 0.8386473429951691,
        "precision": 0.839458413926499,
        "recall": 0.8378378378378378,
        "roc_auc": 0.8328193338566781
    }
}