{
    "best_model_path": "/apdcephfs_qy3/share_1565115/modihanwang/MultiAgentsProject/model/MAST-PNU_full/checkpoints/HSOL/round_4_ckpt.pth",
    "best_epoch": {
        "accuracy": 0.864,
        "macro_f1": 0.8633303185609487,
        "f1_score": 0.8728971962616823,
        "precision": 0.8460144927536232,
        "recall": 0.9015444015444015,
        "roc_auc": 0.8625979269132796
    },
    "epoch_0": {
        "accuracy": 0.805,
        "macro_f1": 0.8045682913556045,
        "f1_score": 0.8137535816618912,
        "precision": 0.8052930056710775,
        "recall": 0.8223938223938224,
        "roc_auc": 0.8043504381678656
    },
    "epoch_1": {
        "accuracy": 0.854,
        "macro_f1": 0.853962614429294,
        "f1_score": 0.8562992125984252,
        "precision": 0.8734939759036144,
        "recall": 0.8397683397683398,
        "roc_auc": 0.8545314727887342
    },
    "epoch_2": {
        "accuracy": 0.862,
        "macro_f1": 0.8615964151465674,
        "f1_score": 0.8690702087286527,
        "precision": 0.8544776119402985,
        "recall": 0.8841698841698842,
        "roc_auc": 0.8611720790144027
    },
    "epoch_3": {
        "accuracy": 0.864,
        "macro_f1": 0.8633303185609487,
        "f1_score": 0.8728971962616823,
        "precision": 0.8460144927536232,
        "recall": 0.9015444015444015,
        "roc_auc": 0.8625979269132796
    },
    "epoch_4": {
        "accuracy": 0.8,
        "macro_f1": 0.7992282333289163,
        "f1_score": 0.7867803837953091,
        "precision": 0.8785714285714286,
        "recall": 0.7123552123552124,
        "roc_auc": 0.8032730418622535
    },
    "epoch_5": {
        "accuracy": 0.857,
        "macro_f1": 0.8568039646275751,
        "f1_score": 0.8621022179363549,
        "precision": 0.861271676300578,
        "recall": 0.862934362934363,
        "roc_auc": 0.8567783847866836
    },
    "epoch_6": {
        "accuracy": 0.833,
        "macro_f1": 0.8329797905546572,
        "f1_score": 0.8348170128585559,
        "precision": 0.8559837728194726,
        "recall": 0.8146718146718147,
        "roc_auc": 0.8336844550537496
    },
    "epoch_7": {
        "accuracy": 0.695,
        "macro_f1": 0.6831994981049099,
        "f1_score": 0.6220570012391574,
        "precision": 0.8685121107266436,
        "recall": 0.48455598455598453,
        "roc_auc": 0.7028589051410629
    },
    "epoch_8": {
        "accuracy": 0.833,
        "macro_f1": 0.8329864719042241,
        "f1_score": 0.8344895936570862,
        "precision": 0.8574338085539714,
        "recall": 0.8127413127413128,
        "roc_auc": 0.833756548486839
    },
    "epoch_9": {
        "accuracy": 0.851,
        "macro_f1": 0.8507239886550231,
        "f1_score": 0.8571428571428571,
        "precision": 0.8514285714285714,
        "recall": 0.862934362934363,
        "roc_auc": 0.8505543183966421
    }
}