{
    "best_model_path": "/apdcephfs_qy3/share_1565115/modihanwang/MultiAgentsProject/model/MAST-PNU_full/checkpoints/HSOL/round_12_ckpt.pth",
    "best_epoch": {
        "accuracy": 0.88,
        "macro_f1": 0.8787878787878788,
        "f1_score": 0.8909090909090909,
        "precision": 0.8419243986254296,
        "recall": 0.9459459459459459,
        "roc_auc": 0.8775372883256701
    },
    "epoch_0": {
        "accuracy": 0.854,
        "macro_f1": 0.8539947438107772,
        "f1_score": 0.8548707753479126,
        "precision": 0.8811475409836066,
        "recall": 0.8301158301158301,
        "roc_auc": 0.8548919399541806
    },
    "epoch_1": {
        "accuracy": 0.869,
        "macro_f1": 0.8683362832036294,
        "f1_score": 0.8776844070961718,
        "precision": 0.8499095840867993,
        "recall": 0.9073359073359073,
        "roc_auc": 0.8675683686057128
    },
    "epoch_2": {
        "accuracy": 0.872,
        "macro_f1": 0.8711755233494365,
        "f1_score": 0.8814814814814815,
        "precision": 0.8469750889679716,
        "recall": 0.918918918918919,
        "roc_auc": 0.8702478412021979
    },
    "epoch_3": {
        "accuracy": 0.87,
        "macro_f1": 0.868985423116615,
        "f1_score": 0.8805147058823529,
        "precision": 0.8403508771929824,
        "recall": 0.9247104247104247,
        "roc_auc": 0.8679568721062497
    },
    "epoch_4": {
        "accuracy": 0.869,
        "macro_f1": 0.868177294494943,
        "f1_score": 0.8785912882298424,
        "precision": 0.8449197860962567,
        "recall": 0.915057915057915,
        "roc_auc": 0.8672799948733558
    },
    "epoch_5": {
        "accuracy": 0.88,
        "macro_f1": 0.8787878787878788,
        "f1_score": 0.8909090909090909,
        "precision": 0.8419243986254296,
        "recall": 0.9459459459459459,
        "roc_auc": 0.8775372883256701
    },
    "epoch_6": {
        "accuracy": 0.866,
        "macro_f1": 0.8636964703488963,
        "f1_score": 0.8814159292035398,
        "precision": 0.8137254901960784,
        "recall": 0.9613899613899614,
        "roc_auc": 0.8624377192841922
    },
    "epoch_7": {
        "accuracy": 0.868,
        "macro_f1": 0.8678091163640296,
        "f1_score": 0.8728323699421965,
        "precision": 0.8711538461538462,
        "recall": 0.8745173745173745,
        "roc_auc": 0.8677566125698906
    },
    "epoch_8": {
        "accuracy": 0.852,
        "macro_f1": 0.851999407997632,
        "f1_score": 0.8517034068136272,
        "precision": 0.8854166666666666,
        "recall": 0.8204633204633205,
        "roc_auc": 0.8531777183229465
    },
    "epoch_9": {
        "accuracy": 0.876,
        "macro_f1": 0.8748945684064393,
        "f1_score": 0.886654478976234,
        "precision": 0.8420138888888888,
        "recall": 0.9362934362934363,
        "roc_auc": 0.8737483778977555
    }
}