{
    "best_model_path": "/apdcephfs_qy3/share_1565115/modihanwang/MultiAgentsProject/model/MAST-PNU_full/checkpoints/HSOL/round_13_ckpt.pth",
    "best_epoch": {
        "accuracy": 0.871,
        "macro_f1": 0.8705181982155601,
        "f1_score": 0.8784165881244109,
        "precision": 0.858195211786372,
        "recall": 0.8996138996138996,
        "roc_auc": 0.8699314311347506
    },
    "epoch_0": {
        "accuracy": 0.851,
        "macro_f1": 0.8509962749068727,
        "f1_score": 0.8502512562814071,
        "precision": 0.8867924528301887,
        "recall": 0.8166023166023166,
        "roc_auc": 0.8522845607907849
    },
    "epoch_1": {
        "accuracy": 0.867,
        "macro_f1": 0.8652175014567658,
        "f1_score": 0.8807174887892377,
        "precision": 0.8224455611390284,
        "recall": 0.9478764478764479,
        "roc_auc": 0.8639797177141576
    },
    "epoch_2": {
        "accuracy": 0.865,
        "macro_f1": 0.8643160170419082,
        "f1_score": 0.8739495798319328,
        "precision": 0.8462929475587704,
        "recall": 0.9034749034749034,
        "roc_auc": 0.8635631778785305
    },
    "epoch_3": {
        "accuracy": 0.871,
        "macro_f1": 0.8705181982155601,
        "f1_score": 0.8784165881244109,
        "precision": 0.858195211786372,
        "recall": 0.8996138996138996,
        "roc_auc": 0.8699314311347506
    },
    "epoch_4": {
        "accuracy": 0.757,
        "macro_f1": 0.7542910589246442,
        "f1_score": 0.7284916201117319,
        "precision": 0.8647214854111406,
        "recall": 0.6293436293436293,
        "roc_auc": 0.7617672503564619
    },
    "epoch_5": {
        "accuracy": 0.871,
        "macro_f1": 0.8698251721789148,
        "f1_score": 0.8821917808219178,
        "precision": 0.8370883882149047,
        "recall": 0.9324324324324325,
        "roc_auc": 0.8687058427722328
    },
    "epoch_6": {
        "accuracy": 0.857,
        "macro_f1": 0.8561019321586019,
        "f1_score": 0.8674698795180723,
        "precision": 0.8342245989304813,
        "recall": 0.9034749034749034,
        "roc_auc": 0.8552644226918086
    },
    "epoch_7": {
        "accuracy": 0.826,
        "macro_f1": 0.8256925216081168,
        "f1_score": 0.8330134357005758,
        "precision": 0.8282442748091603,
        "recall": 0.8378378378378378,
        "roc_auc": 0.8255579230682965
    },
    "epoch_8": {
        "accuracy": 0.857,
        "macro_f1": 0.8557524025294774,
        "f1_score": 0.869167429094236,
        "precision": 0.8260869565217391,
        "recall": 0.916988416988417,
        "roc_auc": 0.8547597686601835
    },
    "epoch_9": {
        "accuracy": 0.83,
        "macro_f1": 0.8294261897021581,
        "f1_score": 0.8393194706994329,
        "precision": 0.8222222222222222,
        "recall": 0.8571428571428571,
        "roc_auc": 0.8289863663307647
    }
}