{
    "best_model_path": "/apdcephfs_qy3/share_1565115/modihanwang/MultiAgentsProject/model/MAST-PNU_full/checkpoints/HSOL/round_3_ckpt.pth",
    "best_epoch": {
        "accuracy": 0.853,
        "macro_f1": 0.8527524769136918,
        "f1_score": 0.8587896253602305,
        "precision": 0.8546845124282982,
        "recall": 0.862934362934363,
        "roc_auc": 0.8526290071933226
    },
    "epoch_0": {
        "accuracy": 0.785,
        "macro_f1": 0.7849636588583471,
        "f1_score": 0.7821681864235056,
        "precision": 0.8230277185501066,
        "recall": 0.7451737451737451,
        "roc_auc": 0.7864872875246319
    },
    "epoch_1": {
        "accuracy": 0.784,
        "macro_f1": 0.782608695652174,
        "f1_score": 0.7652173913043478,
        "precision": 0.8756218905472637,
        "recall": 0.6795366795366795,
        "roc_auc": 0.7879011198513273
    },
    "epoch_2": {
        "accuracy": 0.853,
        "macro_f1": 0.8527524769136918,
        "f1_score": 0.8587896253602305,
        "precision": 0.8546845124282982,
        "recall": 0.862934362934363,
        "roc_auc": 0.8526290071933226
    },
    "epoch_3": {
        "accuracy": 0.827,
        "macro_f1": 0.8269707580581118,
        "f1_score": 0.8292201382033564,
        "precision": 0.8484848484848485,
        "recall": 0.8108108108108109,
        "roc_auc": 0.8276045755298868
    },
    "epoch_4": {
        "accuracy": 0.801,
        "macro_f1": 0.8009838796942552,
        "f1_score": 0.7991927346115035,
        "precision": 0.8372093023255814,
        "recall": 0.7644787644787645,
        "roc_auc": 0.8023638635671831
    },
    "epoch_5": {
        "accuracy": 0.812,
        "macro_f1": 0.8119518596760771,
        "f1_score": 0.8149606299212598,
        "precision": 0.8313253012048193,
        "recall": 0.7992277992277992,
        "roc_auc": 0.8124769701533187
    },
    "epoch_6": {
        "accuracy": 0.819,
        "macro_f1": 0.8187242796293162,
        "f1_score": 0.8257940327237728,
        "precision": 0.8234165067178503,
        "recall": 0.8281853281853282,
        "roc_auc": 0.8186569794453612
    },
    "epoch_7": {
        "accuracy": 0.802,
        "macro_f1": 0.8009682192485847,
        "f1_score": 0.8152985074626866,
        "precision": 0.7888086642599278,
        "recall": 0.8436293436293436,
        "roc_auc": 0.8004453772088627
    },
    "epoch_8": {
        "accuracy": 0.818,
        "macro_f1": 0.816235122112771,
        "f1_score": 0.8342440801457195,
        "precision": 0.7896551724137931,
        "recall": 0.8841698841698842,
        "roc_auc": 0.8155289254874318
    },
    "epoch_9": {
        "accuracy": 0.774,
        "macro_f1": 0.773955695316282,
        "f1_score": 0.77079107505071,
        "precision": 0.811965811965812,
        "recall": 0.7335907335907336,
        "roc_auc": 0.7755090597414248
    }
}