{
    "best_model_path": "/apdcephfs_qy3/share_1565115/modihanwang/MultiAgentsProject/model/MAST-PNU_full/checkpoints/HSOL/round_5_ckpt.pth",
    "best_epoch": {
        "accuracy": 0.837,
        "macro_f1": 0.8336936637285881,
        "f1_score": 0.8571428571428571,
        "precision": 0.7849117174959872,
        "recall": 0.944015444015444,
        "roc_auc": 0.8330035726301287
    },
    "epoch_0": {
        "accuracy": 0.702,
        "macro_f1": 0.6924740770094446,
        "f1_score": 0.7465986394557823,
        "precision": 0.6671732522796353,
        "recall": 0.8474903474903475,
        "roc_auc": 0.6965667505086592
    },
    "epoch_1": {
        "accuracy": 0.801,
        "macro_f1": 0.7978412698412698,
        "f1_score": 0.8231111111111111,
        "precision": 0.7627677100494233,
        "recall": 0.8938223938223938,
        "roc_auc": 0.797533603550201
    },
    "epoch_2": {
        "accuracy": 0.837,
        "macro_f1": 0.8336936637285881,
        "f1_score": 0.8571428571428571,
        "precision": 0.7849117174959872,
        "recall": 0.944015444015444,
        "roc_auc": 0.8330035726301287
    },
    "epoch_3": {
        "accuracy": 0.777,
        "macro_f1": 0.7655491878855165,
        "f1_score": 0.8173628173628174,
        "precision": 0.7098150782361309,
        "recall": 0.9633204633204633,
        "roc_auc": 0.7700419743988208
    },
    "epoch_4": {
        "accuracy": 0.661,
        "macro_f1": 0.6461285524152509,
        "f1_score": 0.7186721991701245,
        "precision": 0.6302765647743813,
        "recall": 0.8359073359073359,
        "roc_auc": 0.6544681907752447
    },
    "epoch_5": {
        "accuracy": 0.723,
        "macro_f1": 0.6977563042906603,
        "f1_score": 0.7851047323506595,
        "precision": 0.6562905317769131,
        "recall": 0.9768339768339769,
        "roc_auc": 0.7135207228568224
    },
    "epoch_6": {
        "accuracy": 0.713,
        "macro_f1": 0.6909695265803895,
        "f1_score": 0.7734806629834254,
        "precision": 0.6542056074766355,
        "recall": 0.9459459459459459,
        "roc_auc": 0.7043007738028485
    },
    "epoch_7": {
        "accuracy": 0.685,
        "macro_f1": 0.6545260920539904,
        "f1_score": 0.7571318427139553,
        "precision": 0.6302952503209243,
        "recall": 0.9478764478764479,
        "roc_auc": 0.6751830372162322
    },
    "epoch_8": {
        "accuracy": 0.767,
        "macro_f1": 0.7569856204323988,
        "f1_score": 0.8063175394846218,
        "precision": 0.708029197080292,
        "recall": 0.9362934362934363,
        "roc_auc": 0.7606778384786683
    },
    "epoch_9": {
        "accuracy": 0.748,
        "macro_f1": 0.7354264044448364,
        "f1_score": 0.7931034482758621,
        "precision": 0.69,
        "recall": 0.9324324324324325,
        "roc_auc": 0.7411124817763822
    }
}