{
    "best_model_path": "/apdcephfs_qy3/share_1565115/modihanwang/MultiAgentsProject/model/MAST-PNU_full/checkpoints/HSOL/round_9_ckpt.pth",
    "best_epoch": {
        "accuracy": 0.872,
        "macro_f1": 0.8712164810708349,
        "f1_score": 0.8812615955473099,
        "precision": 0.8482142857142857,
        "recall": 0.916988416988417,
        "roc_auc": 0.8703199346352873
    },
    "epoch_0": {
        "accuracy": 0.872,
        "macro_f1": 0.8712164810708349,
        "f1_score": 0.8812615955473099,
        "precision": 0.8482142857142857,
        "recall": 0.916988416988417,
        "roc_auc": 0.8703199346352873
    },
    "epoch_1": {
        "accuracy": 0.861,
        "macro_f1": 0.8605469169331157,
        "f1_score": 0.8684957426679281,
        "precision": 0.8515769944341373,
        "recall": 0.8861003861003861,
        "roc_auc": 0.8600626411829732
    },
    "epoch_2": {
        "accuracy": 0.871,
        "macro_f1": 0.8688852502004836,
        "f1_score": 0.8855368234250222,
        "precision": 0.819376026272578,
        "recall": 0.9633204633204633,
        "roc_auc": 0.8675523478428043
    },
    "epoch_3": {
        "accuracy": 0.86,
        "macro_f1": 0.8584692028985508,
        "f1_score": 0.8731884057971014,
        "precision": 0.8225255972696246,
        "recall": 0.9305019305019305,
        "roc_auc": 0.8573671478235795
    },
    "epoch_4": {
        "accuracy": 0.863,
        "macro_f1": 0.8622250157133877,
        "f1_score": 0.8725581395348837,
        "precision": 0.8420107719928187,
        "recall": 0.9054054054054054,
        "roc_auc": 0.8614163956487607
    },
    "epoch_5": {
        "accuracy": 0.866,
        "macro_f1": 0.8646464646464647,
        "f1_score": 0.8781818181818182,
        "precision": 0.8298969072164949,
        "recall": 0.9324324324324325,
        "roc_auc": 0.8635191207805316
    },
    "epoch_6": {
        "accuracy": 0.863,
        "macro_f1": 0.8608954878354627,
        "f1_score": 0.8780053428317008,
        "precision": 0.8148760330578513,
        "recall": 0.9517374517374517,
        "roc_auc": 0.8596861532546178
    },
    "epoch_7": {
        "accuracy": 0.864,
        "macro_f1": 0.8622723442867328,
        "f1_score": 0.8776978417266187,
        "precision": 0.8215488215488216,
        "recall": 0.9420849420849421,
        "roc_auc": 0.8610839648184045
    },
    "epoch_8": {
        "accuracy": 0.845,
        "macro_f1": 0.8424590215587207,
        "f1_score": 0.8624667258207631,
        "precision": 0.7980295566502463,
        "recall": 0.9382239382239382,
        "roc_auc": 0.8415186081161186
    },
    "epoch_9": {
        "accuracy": 0.863,
        "macro_f1": 0.8605329676650266,
        "f1_score": 0.8790820829655781,
        "precision": 0.8097560975609757,
        "recall": 0.9613899613899614,
        "roc_auc": 0.8593256860891715
    }
}