{
    "best_model_path": "/apdcephfs_qy3/share_1565115/modihanwang/MultiAgentsProject/model/MAST-PNU_full/checkpoints/HSOL/round_14_ckpt.pth",
    "best_epoch": {
        "accuracy": 0.876,
        "macro_f1": 0.8747474747474748,
        "f1_score": 0.8872727272727273,
        "precision": 0.8384879725085911,
        "recall": 0.9420849420849421,
        "roc_auc": 0.8735320975984876
    },
    "epoch_0": {
        "accuracy": 0.86,
        "macro_f1": 0.8595595788392398,
        "f1_score": 0.8674242424242424,
        "precision": 0.8513011152416357,
        "recall": 0.8841698841698842,
        "roc_auc": 0.8590973902177221
    },
    "epoch_1": {
        "accuracy": 0.873,
        "macro_f1": 0.8721612499609941,
        "f1_score": 0.8825161887141536,
        "precision": 0.8472468916518651,
        "recall": 0.9208494208494209,
        "roc_auc": 0.871213092167449
    },
    "epoch_2": {
        "accuracy": 0.874,
        "macro_f1": 0.8735137869972173,
        "f1_score": 0.8813559322033898,
        "precision": 0.8602941176470589,
        "recall": 0.9034749034749034,
        "roc_auc": 0.8728992774635929
    },
    "epoch_3": {
        "accuracy": 0.874,
        "macro_f1": 0.8732287235541032,
        "f1_score": 0.8831168831168831,
        "precision": 0.85,
        "recall": 0.918918918918919,
        "roc_auc": 0.8723225299988785
    },
    "epoch_4": {
        "accuracy": 0.869,
        "macro_f1": 0.8675953187364752,
        "f1_score": 0.8812330009066183,
        "precision": 0.8307692307692308,
        "recall": 0.9382239382239382,
        "roc_auc": 0.8664148736762846
    },
    "epoch_5": {
        "accuracy": 0.876,
        "macro_f1": 0.8747474747474748,
        "f1_score": 0.8872727272727273,
        "precision": 0.8384879725085911,
        "recall": 0.9420849420849421,
        "roc_auc": 0.8735320975984876
    },
    "epoch_6": {
        "accuracy": 0.858,
        "macro_f1": 0.8558545389578487,
        "f1_score": 0.8734402852049911,
        "precision": 0.8112582781456954,
        "recall": 0.9459459459459459,
        "roc_auc": 0.8547157115621846
    },
    "epoch_7": {
        "accuracy": 0.869,
        "macro_f1": 0.8676498965951673,
        "f1_score": 0.8810172570390554,
        "precision": 0.8319039451114922,
        "recall": 0.9362934362934363,
        "roc_auc": 0.8664869671093738
    },
    "epoch_8": {
        "accuracy": 0.864,
        "macro_f1": 0.8623342443567164,
        "f1_score": 0.8774774774774775,
        "precision": 0.8226351351351351,
        "recall": 0.9401544401544402,
        "roc_auc": 0.861156058251494
    },
    "epoch_9": {
        "accuracy": 0.794,
        "macro_f1": 0.793483709273183,
        "f1_score": 0.783157894736842,
        "precision": 0.8611111111111112,
        "recall": 0.7181467181467182,
        "roc_auc": 0.7968326951729441
    }
}