{
    "best_model_path": "/apdcephfs_qy3/share_1565115/modihanwang/MultiAgentsProject/model/MAST-PNU_full/checkpoints/FHM/round_11_ckpt.pth",
    "best_epoch": {
        "accuracy": 0.7077777777777777,
        "macro_f1": 0.6804939318144083,
        "f1_score": 0.5871271585557299,
        "precision": 0.5936507936507937,
        "recall": 0.5807453416149069,
        "roc_auc": 0.6796460272088374
    },
    "epoch_0": {
        "accuracy": 0.7166666666666667,
        "macro_f1": 0.6741792369121562,
        "f1_score": 0.5565217391304348,
        "precision": 0.6324110671936759,
        "recall": 0.4968944099378882,
        "roc_auc": 0.6679973779793247
    },
    "epoch_1": {
        "accuracy": 0.7077777777777777,
        "macro_f1": 0.6804939318144083,
        "f1_score": 0.5871271585557299,
        "precision": 0.5936507936507937,
        "recall": 0.5807453416149069,
        "roc_auc": 0.6796460272088374
    },
    "epoch_2": {
        "accuracy": 0.7088888888888889,
        "macro_f1": 0.6730431117199762,
        "f1_score": 0.5647840531561462,
        "precision": 0.6071428571428571,
        "recall": 0.5279503105590062,
        "roc_auc": 0.6688194459369425
    },
    "epoch_3": {
        "accuracy": 0.6944444444444444,
        "macro_f1": 0.6708422050779406,
        "f1_score": 0.582701062215478,
        "precision": 0.56973293768546,
        "recall": 0.5962732919254659,
        "roc_auc": 0.6727041200111759
    },
    "epoch_4": {
        "accuracy": 0.6955555555555556,
        "macro_f1": 0.6705393215194202,
        "f1_score": 0.5797546012269938,
        "precision": 0.5727272727272728,
        "recall": 0.5869565217391305,
        "roc_auc": 0.6715059425304649
    },
    "epoch_5": {
        "accuracy": 0.7055555555555556,
        "macro_f1": 0.6594992568946048,
        "f1_score": 0.5342706502636204,
        "precision": 0.6153846153846154,
        "recall": 0.4720496894409938,
        "roc_auc": 0.6538449139246492
    },
    "epoch_6": {
        "accuracy": 0.7122222222222222,
        "macro_f1": 0.6731994072445705,
        "f1_score": 0.5602716468590832,
        "precision": 0.6179775280898876,
        "recall": 0.5124223602484472,
        "roc_auc": 0.6679758860065765
    },
    "epoch_7": {
        "accuracy": 0.7088888888888889,
        "macro_f1": 0.6697016388849979,
        "f1_score": 0.5559322033898305,
        "precision": 0.6119402985074627,
        "recall": 0.5093167701863354,
        "roc_auc": 0.6646929871692923
    },
    "epoch_8": {
        "accuracy": 0.71,
        "macro_f1": 0.6658943406853646,
        "f1_score": 0.5445026178010471,
        "precision": 0.6215139442231076,
        "recall": 0.484472049689441,
        "roc_auc": 0.6600560940488728
    },
    "epoch_9": {
        "accuracy": 0.7088888888888889,
        "macro_f1": 0.6649254537290188,
        "f1_score": 0.5435540069686411,
        "precision": 0.6190476190476191,
        "recall": 0.484472049689441,
        "roc_auc": 0.6591910421457586
    }
}