{
    "best_model_path": "/apdcephfs_qy3/share_1565115/modihanwang/MultiAgentsProject/model/MAST-PNU_full/checkpoints/FHM/round_10_ckpt.pth",
    "best_epoch": {
        "accuracy": 0.7177777777777777,
        "macro_f1": 0.6929334393603989,
        "f1_score": 0.6055900621118012,
        "precision": 0.6055900621118012,
        "recall": 0.6055900621118012,
        "roc_auc": 0.6929334393603989
    },
    "epoch_0": {
        "accuracy": 0.7177777777777777,
        "macro_f1": 0.6929334393603989,
        "f1_score": 0.6055900621118012,
        "precision": 0.6055900621118012,
        "recall": 0.6055900621118012,
        "roc_auc": 0.6929334393603989
    },
    "epoch_1": {
        "accuracy": 0.7022222222222222,
        "macro_f1": 0.6708137941576272,
        "f1_score": 0.5691318327974276,
        "precision": 0.59,
        "recall": 0.5496894409937888,
        "roc_auc": 0.6684433364138495
    },
    "epoch_2": {
        "accuracy": 0.7044444444444444,
        "macro_f1": 0.6585365853658536,
        "f1_score": 0.5333333333333333,
        "precision": 0.6129032258064516,
        "recall": 0.4720496894409938,
        "roc_auc": 0.6529798620215349
    },
    "epoch_3": {
        "accuracy": 0.7011111111111111,
        "macro_f1": 0.6634690901711011,
        "f1_score": 0.5509181969949917,
        "precision": 0.5956678700361011,
        "recall": 0.5124223602484472,
        "roc_auc": 0.6593253669754348
    },
    "epoch_4": {
        "accuracy": 0.6966666666666667,
        "macro_f1": 0.647880763856544,
        "f1_score": 0.5168141592920354,
        "precision": 0.6008230452674898,
        "recall": 0.453416149068323,
        "roc_auc": 0.6427980399320854
    },
    "epoch_5": {
        "accuracy": 0.7044444444444444,
        "macro_f1": 0.66228226093139,
        "f1_score": 0.5429553264604811,
        "precision": 0.6076923076923076,
        "recall": 0.4906832298136646,
        "roc_auc": 0.6571063207891852
    },
    "epoch_6": {
        "accuracy": 0.7044444444444444,
        "macro_f1": 0.6658123523795165,
        "f1_score": 0.5521885521885522,
        "precision": 0.6029411764705882,
        "recall": 0.5093167701863354,
        "roc_auc": 0.6612327795568355
    },
    "epoch_7": {
        "accuracy": 0.69,
        "macro_f1": 0.6677301243464764,
        "f1_score": 0.5817091454272864,
        "precision": 0.5623188405797102,
        "recall": 0.6024844720496895,
        "roc_auc": 0.6706193986546025
    },
    "epoch_8": {
        "accuracy": 0.7,
        "macro_f1": 0.6708102132824693,
        "f1_score": 0.5727848101265823,
        "precision": 0.5838709677419355,
        "recall": 0.562111801242236,
        "roc_auc": 0.6694642051193879
    },
    "epoch_9": {
        "accuracy": 0.7033333333333334,
        "macro_f1": 0.6636898388986157,
        "f1_score": 0.5482233502538071,
        "precision": 0.6022304832713755,
        "recall": 0.5031055900621118,
        "roc_auc": 0.6589922413978377
    }
}