{
    "best_model_path": "/apdcephfs_qy3/share_1565115/modihanwang/MultiAgentsProject/model/MAST-PNU_full/checkpoints/FHM/round_0_ckpt.pth",
    "best_epoch": {
        "accuracy": 0.5822222222222222,
        "macro_f1": 0.5618646130580918,
        "f1_score": 0.46742209631728043,
        "precision": 0.4296875,
        "recall": 0.5124223602484472,
        "roc_auc": 0.5667648133422167
    },
    "epoch_0": {
        "accuracy": 0.35777777777777775,
        "macro_f1": 0.2635024549918167,
        "f1_score": 0.5270049099836334,
        "precision": 0.35777777777777775,
        "recall": 1.0,
        "roc_auc": 0.5
    },
    "epoch_1": {
        "accuracy": 0.36666666666666664,
        "macro_f1": 0.2863065459462768,
        "f1_score": 0.5257903494176372,
        "precision": 0.35909090909090907,
        "recall": 0.9813664596273292,
        "roc_auc": 0.5027939564572632
    },
    "epoch_2": {
        "accuracy": 0.46555555555555556,
        "macro_f1": 0.4623956365749796,
        "f1_score": 0.5036119711042312,
        "precision": 0.37712519319938176,
        "recall": 0.7577639751552795,
        "roc_auc": 0.5302660706226224
    },
    "epoch_3": {
        "accuracy": 0.3622222222222222,
        "macro_f1": 0.2751060820367751,
        "f1_score": 0.5264026402640264,
        "precision": 0.35842696629213483,
        "recall": 0.9906832298136646,
        "roc_auc": 0.5013969782286316
    },
    "epoch_4": {
        "accuracy": 0.3988888888888889,
        "macro_f1": 0.3673328577609898,
        "f1_score": 0.508628519527702,
        "precision": 0.3594351732991014,
        "recall": 0.8695652173913043,
        "roc_auc": 0.5031217090416729
    },
    "epoch_5": {
        "accuracy": 0.40555555555555556,
        "macro_f1": 0.380499434536867,
        "f1_score": 0.5050878815911193,
        "precision": 0.35968379446640314,
        "recall": 0.8478260869565217,
        "roc_auc": 0.503497818564766
    },
    "epoch_6": {
        "accuracy": 0.45444444444444443,
        "macro_f1": 0.44880937086435524,
        "f1_score": 0.5045408678102926,
        "precision": 0.37369207772795215,
        "recall": 0.7763975155279503,
        "roc_auc": 0.5257420103591308
    },
    "epoch_7": {
        "accuracy": 0.5244444444444445,
        "macro_f1": 0.5239154616240267,
        "f1_score": 0.5080459770114942,
        "precision": 0.4032846715328467,
        "recall": 0.6863354037267081,
        "roc_auc": 0.5602957295450149
    },
    "epoch_8": {
        "accuracy": 0.5566666666666666,
        "macro_f1": 0.5490455362289357,
        "f1_score": 0.4904214559386973,
        "precision": 0.4164859002169197,
        "recall": 0.5962732919254659,
        "roc_auc": 0.5654376840250166
    },
    "epoch_9": {
        "accuracy": 0.5822222222222222,
        "macro_f1": 0.5618646130580918,
        "f1_score": 0.46742209631728043,
        "precision": 0.4296875,
        "recall": 0.5124223602484472,
        "roc_auc": 0.5667648133422167
    }
}