{
    "best_model_path": "/apdcephfs_qy3/share_1565115/modihanwang/MultiAgentsProject/model/MAST-PNU_full/checkpoints/FHM/round_3_ckpt.pth",
    "best_epoch": {
        "accuracy": 0.6544444444444445,
        "macro_f1": 0.6347474093686833,
        "f1_score": 0.5499276410998553,
        "precision": 0.5149051490514905,
        "recall": 0.5900621118012422,
        "roc_auc": 0.6401867652431817
    },
    "epoch_0": {
        "accuracy": 0.6422222222222222,
        "macro_f1": 0.3910690121786198,
        "f1_score": 0.0,
        "precision": 0.0,
        "recall": 0.0,
        "roc_auc": 0.5
    },
    "epoch_1": {
        "accuracy": 0.6811111111111111,
        "macro_f1": 0.6312312706745341,
        "f1_score": 0.4956063268892794,
        "precision": 0.5708502024291497,
        "recall": 0.43788819875776397,
        "roc_auc": 0.6272485976487783
    },
    "epoch_2": {
        "accuracy": 0.6544444444444445,
        "macro_f1": 0.6347474093686833,
        "f1_score": 0.5499276410998553,
        "precision": 0.5149051490514905,
        "recall": 0.5900621118012422,
        "roc_auc": 0.6401867652431817
    },
    "epoch_3": {
        "accuracy": 0.5811111111111111,
        "macro_f1": 0.5793031534284996,
        "f1_score": 0.5517241379310345,
        "precision": 0.44701348747591524,
        "recall": 0.7204968944099379,
        "roc_auc": 0.6119785510111974
    },
    "epoch_4": {
        "accuracy": 0.6444444444444445,
        "macro_f1": 0.631922540143448,
        "f1_score": 0.5640326975476839,
        "precision": 0.5024271844660194,
        "recall": 0.6428571428571429,
        "roc_auc": 0.6440929312901632
    },
    "epoch_5": {
        "accuracy": 0.6477777777777778,
        "macro_f1": 0.6292874600928535,
        "f1_score": 0.5464949928469242,
        "precision": 0.506631299734748,
        "recall": 0.593167701863354,
        "roc_auc": 0.6356841969524382
    },
    "epoch_6": {
        "accuracy": 0.5755555555555556,
        "macro_f1": 0.5736607142857142,
        "f1_score": 0.5452380952380952,
        "precision": 0.4420849420849421,
        "recall": 0.7111801242236024,
        "roc_auc": 0.6055900621118012
    },
    "epoch_7": {
        "accuracy": 0.5944444444444444,
        "macro_f1": 0.5894771175670053,
        "f1_score": 0.5443196004993758,
        "precision": 0.4551148225469729,
        "recall": 0.6770186335403726,
        "roc_auc": 0.6127307700573836
    },
    "epoch_8": {
        "accuracy": 0.6011111111111112,
        "macro_f1": 0.5942540037749071,
        "f1_score": 0.541507024265645,
        "precision": 0.4598698481561822,
        "recall": 0.6583850931677019,
        "roc_auc": 0.6137946227084184
    },
    "epoch_9": {
        "accuracy": 0.5866666666666667,
        "macro_f1": 0.5826768512793921,
        "f1_score": 0.541871921182266,
        "precision": 0.4489795918367347,
        "recall": 0.6832298136645962,
        "roc_auc": 0.6080508929914676
    }
}