{
    "best_model_path": "/apdcephfs_qy3/share_1565115/modihanwang/MultiAgentsProject/model/MAST-PNU_full/checkpoints/FHM/round_4_ckpt.pth",
    "best_epoch": {
        "accuracy": 0.6866666666666666,
        "macro_f1": 0.6571678661738961,
        "f1_score": 0.5566037735849056,
        "precision": 0.5636942675159236,
        "recall": 0.5496894409937888,
        "roc_auc": 0.6563326097702509
    },
    "epoch_0": {
        "accuracy": 0.6744444444444444,
        "macro_f1": 0.551651849244847,
        "f1_score": 0.317016317016317,
        "precision": 0.6355140186915887,
        "recall": 0.2111801242236025,
        "roc_auc": 0.5718530378903479
    },
    "epoch_1": {
        "accuracy": 0.6433333333333333,
        "macro_f1": 0.6338287017966349,
        "f1_score": 0.5748344370860927,
        "precision": 0.5011547344110855,
        "recall": 0.6739130434782609,
        "roc_auc": 0.650105310666466
    },
    "epoch_2": {
        "accuracy": 0.6688888888888889,
        "macro_f1": 0.6502055466288266,
        "f1_score": 0.569364161849711,
        "precision": 0.5324324324324324,
        "recall": 0.6118012422360248,
        "roc_auc": 0.6562466418792581
    },
    "epoch_3": {
        "accuracy": 0.6344444444444445,
        "macro_f1": 0.6190361008647276,
        "f1_score": 0.5424200278164116,
        "precision": 0.491183879093199,
        "recall": 0.6055900621118012,
        "roc_auc": 0.6280545466268348
    },
    "epoch_4": {
        "accuracy": 0.5588888888888889,
        "macro_f1": 0.5588622027752297,
        "f1_score": 0.5622932745314223,
        "precision": 0.4358974358974359,
        "recall": 0.7919254658385093,
        "roc_auc": 0.6104956048915731
    },
    "epoch_5": {
        "accuracy": 0.6566666666666666,
        "macro_f1": 0.632002180727818,
        "f1_score": 0.5367316341829086,
        "precision": 0.518840579710145,
        "recall": 0.5559006211180124,
        "roc_auc": 0.6343516946420513
    },
    "epoch_6": {
        "accuracy": 0.6822222222222222,
        "macro_f1": 0.6547209598059784,
        "f1_score": 0.5572755417956656,
        "precision": 0.5555555555555556,
        "recall": 0.5590062111801242,
        "roc_auc": 0.654935631541619
    },
    "epoch_7": {
        "accuracy": 0.69,
        "macro_f1": 0.6570417081535569,
        "f1_score": 0.5507246376811594,
        "precision": 0.5719063545150501,
        "recall": 0.531055900621118,
        "roc_auc": 0.654801306711943
    },
    "epoch_8": {
        "accuracy": 0.6866666666666666,
        "macro_f1": 0.6571678661738961,
        "f1_score": 0.5566037735849056,
        "precision": 0.5636942675159236,
        "recall": 0.5496894409937888,
        "roc_auc": 0.6563326097702509
    },
    "epoch_9": {
        "accuracy": 0.6822222222222222,
        "macro_f1": 0.6547209598059784,
        "f1_score": 0.5572755417956656,
        "precision": 0.5555555555555556,
        "recall": 0.5590062111801242,
        "roc_auc": 0.654935631541619
    }
}