{
    "best_model_path": "/apdcephfs_qy3/share_1565115/modihanwang/MultiAgentsProject/model/MAST-PNU_full/checkpoints/FHM/round_6_ckpt.pth",
    "best_epoch": {
        "accuracy": 0.7066666666666667,
        "macro_f1": 0.67,
        "f1_score": 0.56,
        "precision": 0.60431654676259,
        "recall": 0.5217391304347826,
        "roc_auc": 0.6657138558748308
    },
    "epoch_0": {
        "accuracy": 0.7033333333333334,
        "macro_f1": 0.6625146938827102,
        "f1_score": 0.545144804088586,
        "precision": 0.6037735849056604,
        "recall": 0.4968944099378882,
        "roc_auc": 0.6576167551419545
    },
    "epoch_1": {
        "accuracy": 0.6822222222222222,
        "macro_f1": 0.6527983856608701,
        "f1_score": 0.5517241379310345,
        "precision": 0.5569620253164557,
        "recall": 0.546583850931677,
        "roc_auc": 0.6521846590298525
    },
    "epoch_2": {
        "accuracy": 0.7066666666666667,
        "macro_f1": 0.6642170717919729,
        "f1_score": 0.5448275862068965,
        "precision": 0.6124031007751938,
        "recall": 0.4906832298136646,
        "roc_auc": 0.6588364245954136
    },
    "epoch_3": {
        "accuracy": 0.6622222222222223,
        "macro_f1": 0.6484718289229567,
        "f1_score": 0.5789473684210527,
        "precision": 0.5225,
        "recall": 0.6490683229813664,
        "roc_auc": 0.6593092479958734
    },
    "epoch_4": {
        "accuracy": 0.6722222222222223,
        "macro_f1": 0.6527736908391106,
        "f1_score": 0.5705967976710334,
        "precision": 0.536986301369863,
        "recall": 0.6086956521739131,
        "roc_auc": 0.6581540544606591
    },
    "epoch_5": {
        "accuracy": 0.68,
        "macro_f1": 0.6555023923444976,
        "f1_score": 0.5636363636363636,
        "precision": 0.5502958579881657,
        "recall": 0.577639751552795,
        "roc_auc": 0.6573319865030411
    },
    "epoch_6": {
        "accuracy": 0.6866666666666666,
        "macro_f1": 0.6536174998225779,
        "f1_score": 0.5466237942122186,
        "precision": 0.5666666666666667,
        "recall": 0.5279503105590062,
        "roc_auc": 0.6515184078746589
    },
    "epoch_7": {
        "accuracy": 0.7066666666666667,
        "macro_f1": 0.67,
        "f1_score": 0.56,
        "precision": 0.60431654676259,
        "recall": 0.5217391304347826,
        "roc_auc": 0.6657138558748308
    },
    "epoch_8": {
        "accuracy": 0.7044444444444444,
        "macro_f1": 0.6524874581939799,
        "f1_score": 0.5181159420289855,
        "precision": 0.6217391304347826,
        "recall": 0.4440993788819876,
        "roc_auc": 0.6467901738700595
    },
    "epoch_9": {
        "accuracy": 0.6811111111111111,
        "macro_f1": 0.652799713959656,
        "f1_score": 0.5536547433903577,
        "precision": 0.5545171339563862,
        "recall": 0.5527950310559007,
        "roc_auc": 0.6526950933826217
    }
}