{
    "best_model_path": "/apdcephfs_qy3/share_1565115/modihanwang/MultiAgentsProject/model/MAST-PNU_full/checkpoints/FHM/round_9_ckpt.pth",
    "best_epoch": {
        "accuracy": 0.7255555555555555,
        "macro_f1": 0.674310051556587,
        "f1_score": 0.5451197053406999,
        "precision": 0.669683257918552,
        "recall": 0.45962732919254656,
        "roc_auc": 0.6666648756689376
    },
    "epoch_0": {
        "accuracy": 0.7255555555555555,
        "macro_f1": 0.674310051556587,
        "f1_score": 0.5451197053406999,
        "precision": 0.669683257918552,
        "recall": 0.45962732919254656,
        "roc_auc": 0.6666648756689376
    },
    "epoch_1": {
        "accuracy": 0.7088888888888889,
        "macro_f1": 0.6697016388849979,
        "f1_score": 0.5559322033898305,
        "precision": 0.6119402985074627,
        "recall": 0.5093167701863354,
        "roc_auc": 0.6646929871692923
    },
    "epoch_2": {
        "accuracy": 0.7022222222222222,
        "macro_f1": 0.6727716727716728,
        "f1_score": 0.5746031746031746,
        "precision": 0.5876623376623377,
        "recall": 0.562111801242236,
        "roc_auc": 0.6711943089256163
    },
    "epoch_3": {
        "accuracy": 0.6722222222222223,
        "macro_f1": 0.6511898302457173,
        "f1_score": 0.5655375552282769,
        "precision": 0.5378151260504201,
        "recall": 0.5962732919254659,
        "roc_auc": 0.6554030819488921
    },
    "epoch_4": {
        "accuracy": 0.7055555555555556,
        "macro_f1": 0.6706488011478269,
        "f1_score": 0.5634266886326195,
        "precision": 0.6,
        "recall": 0.531055900621118,
        "roc_auc": 0.6669120333555416
    },
    "epoch_5": {
        "accuracy": 0.6866666666666666,
        "macro_f1": 0.6541405023547882,
        "f1_score": 0.5480769230769231,
        "precision": 0.5662251655629139,
        "recall": 0.531055900621118,
        "roc_auc": 0.6522061510026005
    },
    "epoch_6": {
        "accuracy": 0.7088888888888889,
        "macro_f1": 0.6655433006535947,
        "f1_score": 0.5451388888888888,
        "precision": 0.6181102362204725,
        "recall": 0.48757763975155277,
        "roc_auc": 0.6598787852737003
    },
    "epoch_7": {
        "accuracy": 0.6733333333333333,
        "macro_f1": 0.6556409295352323,
        "f1_score": 0.5775862068965517,
        "precision": 0.5374331550802139,
        "recall": 0.6242236024844721,
        "roc_auc": 0.6624578220034817
    },
    "epoch_8": {
        "accuracy": 0.6988888888888889,
        "macro_f1": 0.6592390370394173,
        "f1_score": 0.5430016863406408,
        "precision": 0.5940959409594095,
        "recall": 0.5,
        "roc_auc": 0.6548442906574394
    },
    "epoch_9": {
        "accuracy": 0.6944444444444444,
        "macro_f1": 0.6609175639221767,
        "f1_score": 0.5542949756888168,
        "precision": 0.5796610169491525,
        "recall": 0.531055900621118,
        "roc_auc": 0.6582615143243998
    }
}