{
    "best_model_path": "/apdcephfs_qy3/share_1565115/modihanwang/MultiAgentsProject/model/MAST-PNU_full/checkpoints/FHM/round_1_ckpt.pth",
    "best_epoch": {
        "accuracy": 0.6311111111111111,
        "macro_f1": 0.6043662710329377,
        "f1_score": 0.5015015015015015,
        "precision": 0.48546511627906974,
        "recall": 0.5186335403726708,
        "roc_auc": 0.6062025833351243
    },
    "epoch_0": {
        "accuracy": 0.6422222222222222,
        "macro_f1": 0.4025974025974026,
        "f1_score": 0.024242424242424242,
        "precision": 0.5,
        "recall": 0.012422360248447204,
        "roc_auc": 0.5027509725117669
    },
    "epoch_1": {
        "accuracy": 0.6688888888888889,
        "macro_f1": 0.5403000219394472,
        "f1_score": 0.2971698113207547,
        "precision": 0.6176470588235294,
        "recall": 0.1956521739130435,
        "roc_auc": 0.5640890627350684
    },
    "epoch_2": {
        "accuracy": 0.6611111111111111,
        "macro_f1": 0.551452265206912,
        "f1_score": 0.32967032967032966,
        "precision": 0.5639097744360902,
        "recall": 0.2329192546583851,
        "roc_auc": 0.5662866169485697
    },
    "epoch_3": {
        "accuracy": 0.6366666666666667,
        "macro_f1": 0.6033045820140481,
        "f1_score": 0.48826291079812206,
        "precision": 0.4921135646687697,
        "recall": 0.484472049689441,
        "roc_auc": 0.6029626684433365
    },
    "epoch_4": {
        "accuracy": 0.6088888888888889,
        "macro_f1": 0.5961244263131056,
        "f1_score": 0.5243243243243243,
        "precision": 0.46411483253588515,
        "recall": 0.6024844720496895,
        "roc_auc": 0.607470609727267
    },
    "epoch_5": {
        "accuracy": 0.6411111111111111,
        "macro_f1": 0.5902811936671877,
        "f1_score": 0.44596912521440824,
        "precision": 0.49808429118773945,
        "recall": 0.40372670807453415,
        "roc_auc": 0.5885415547293086
    },
    "epoch_6": {
        "accuracy": 0.6344444444444445,
        "macro_f1": 0.5937017598024081,
        "f1_score": 0.46504065040650405,
        "precision": 0.4880546075085324,
        "recall": 0.4440993788819876,
        "roc_auc": 0.5922919039738658
    },
    "epoch_7": {
        "accuracy": 0.6244444444444445,
        "macro_f1": 0.5986892097264438,
        "f1_score": 0.49702380952380953,
        "precision": 0.47714285714285715,
        "recall": 0.5186335403726708,
        "roc_auc": 0.6010122719164392
    },
    "epoch_8": {
        "accuracy": 0.6311111111111111,
        "macro_f1": 0.6043662710329377,
        "f1_score": 0.5015015015015015,
        "precision": 0.48546511627906974,
        "recall": 0.5186335403726708,
        "roc_auc": 0.6062025833351243
    },
    "epoch_9": {
        "accuracy": 0.63,
        "macro_f1": 0.6034198258328911,
        "f1_score": 0.5007496251874063,
        "precision": 0.48405797101449277,
        "recall": 0.5186335403726708,
        "roc_auc": 0.6053375314320102
    }
}