{
    "best_model_path": "/apdcephfs_qy3/share_1565115/modihanwang/MultiAgentsProject/model/MAST-PNU_full/checkpoints/FHM/round_14_ckpt.pth",
    "best_epoch": {
        "accuracy": 0.6966666666666667,
        "macro_f1": 0.6710838970333294,
        "f1_score": 0.5793528505392912,
        "precision": 0.5749235474006116,
        "recall": 0.5838509316770186,
        "roc_auc": 0.6716832513056373
    },
    "epoch_0": {
        "accuracy": 0.6966666666666667,
        "macro_f1": 0.6106618748128182,
        "f1_score": 0.4276729559748428,
        "precision": 0.6580645161290323,
        "recall": 0.3167701863354037,
        "roc_auc": 0.61253734230265
    },
    "epoch_1": {
        "accuracy": 0.6966666666666667,
        "macro_f1": 0.6710838970333294,
        "f1_score": 0.5793528505392912,
        "precision": 0.5749235474006116,
        "recall": 0.5838509316770186,
        "roc_auc": 0.6716832513056373
    },
    "epoch_2": {
        "accuracy": 0.6944444444444444,
        "macro_f1": 0.6644700185321004,
        "f1_score": 0.5641838351822503,
        "precision": 0.5760517799352751,
        "recall": 0.5527950310559007,
        "roc_auc": 0.6630757162199918
    },
    "epoch_3": {
        "accuracy": 0.6966666666666667,
        "macro_f1": 0.6697363132786971,
        "f1_score": 0.5754276827371695,
        "precision": 0.5763239875389408,
        "recall": 0.5745341614906833,
        "roc_auc": 0.6696200219218121
    },
    "epoch_4": {
        "accuracy": 0.7044444444444444,
        "macro_f1": 0.6680514035019607,
        "f1_score": 0.5581395348837209,
        "precision": 0.6,
        "recall": 0.5217391304347826,
        "roc_auc": 0.6639837520686024
    },
    "epoch_5": {
        "accuracy": 0.7033333333333334,
        "macro_f1": 0.6625146938827102,
        "f1_score": 0.545144804088586,
        "precision": 0.6037735849056604,
        "recall": 0.4968944099378882,
        "roc_auc": 0.6576167551419545
    },
    "epoch_6": {
        "accuracy": 0.6755555555555556,
        "macro_f1": 0.6541304302048896,
        "f1_score": 0.5680473372781065,
        "precision": 0.5423728813559322,
        "recall": 0.5962732919254659,
        "roc_auc": 0.6579982376582346
    },
    "epoch_7": {
        "accuracy": 0.6777777777777778,
        "macro_f1": 0.6539856609536738,
        "f1_score": 0.5632530120481928,
        "precision": 0.5467836257309941,
        "recall": 0.5807453416149069,
        "roc_auc": 0.6562896258247544
    },
    "epoch_8": {
        "accuracy": 0.6877777777777778,
        "macro_f1": 0.6422706267265853,
        "f1_score": 0.5146804835924007,
        "precision": 0.5797665369649806,
        "recall": 0.46273291925465837,
        "roc_auc": 0.637940854090997
    },
    "epoch_9": {
        "accuracy": 0.7022222222222222,
        "macro_f1": 0.6609521453351401,
        "f1_score": 0.5426621160409556,
        "precision": 0.6022727272727273,
        "recall": 0.4937888198757764,
        "roc_auc": 0.6560639601108986
    }
}