{
    "best_model_path": "/apdcephfs_qy3/share_1565115/modihanwang/MultiAgentsProject/model/MAST-PNU_full/checkpoints/FHM/round_8_ckpt.pth",
    "best_epoch": {
        "accuracy": 0.7011111111111111,
        "macro_f1": 0.6688275180941099,
        "f1_score": 0.5654281098546042,
        "precision": 0.5892255892255892,
        "recall": 0.5434782608695652,
        "roc_auc": 0.6662027982548518
    },
    "epoch_0": {
        "accuracy": 0.7033333333333334,
        "macro_f1": 0.65495504938752,
        "f1_score": 0.5257548845470693,
        "precision": 0.6141078838174274,
        "recall": 0.45962732919254656,
        "roc_auc": 0.6493638376066538
    },
    "epoch_1": {
        "accuracy": 0.7,
        "macro_f1": 0.6584219374645068,
        "f1_score": 0.5392491467576792,
        "precision": 0.5984848484848485,
        "recall": 0.4906832298136646,
        "roc_auc": 0.6536461131767285
    },
    "epoch_2": {
        "accuracy": 0.6922222222222222,
        "macro_f1": 0.664431788660675,
        "f1_score": 0.5678627145085804,
        "precision": 0.5705329153605015,
        "recall": 0.5652173913043478,
        "roc_auc": 0.6640965849255304
    },
    "epoch_3": {
        "accuracy": 0.6955555555555556,
        "macro_f1": 0.6260554153726707,
        "f1_score": 0.46484375,
        "precision": 0.6263157894736842,
        "recall": 0.3695652173913043,
        "roc_auc": 0.6233639235745448
    },
    "epoch_4": {
        "accuracy": 0.68,
        "macro_f1": 0.654613679003923,
        "f1_score": 0.5609756097560976,
        "precision": 0.5508982035928144,
        "recall": 0.5714285714285714,
        "roc_auc": 0.6559565002471577
    },
    "epoch_5": {
        "accuracy": 0.6744444444444444,
        "macro_f1": 0.648845264204988,
        "f1_score": 0.5540334855403348,
        "precision": 0.5432835820895522,
        "recall": 0.5652173913043478,
        "roc_auc": 0.6502557544757034
    },
    "epoch_6": {
        "accuracy": 0.6933333333333334,
        "macro_f1": 0.6572545037089368,
        "f1_score": 0.5460526315789473,
        "precision": 0.5804195804195804,
        "recall": 0.515527950310559,
        "roc_auc": 0.6539577467815771
    },
    "epoch_7": {
        "accuracy": 0.5633333333333334,
        "macro_f1": 0.5632896622995633,
        "f1_score": 0.5589225589225589,
        "precision": 0.437609841827768,
        "recall": 0.7732919254658385,
        "roc_auc": 0.6098293537363795
    },
    "epoch_8": {
        "accuracy": 0.7011111111111111,
        "macro_f1": 0.6688275180941099,
        "f1_score": 0.5654281098546042,
        "precision": 0.5892255892255892,
        "recall": 0.5434782608695652,
        "roc_auc": 0.6662027982548518
    },
    "epoch_9": {
        "accuracy": 0.6966666666666667,
        "macro_f1": 0.6654297872340426,
        "f1_score": 0.5632,
        "precision": 0.5808580858085809,
        "recall": 0.546583850931677,
        "roc_auc": 0.6634303337703368
    }
}