{
    "best_model_path": "/apdcephfs_qy3/share_1565115/modihanwang/MultiAgentsProject/model/MAST-PNU_full/checkpoints/FHM/round_7_ckpt.pth",
    "best_epoch": {
        "accuracy": 0.7033333333333334,
        "macro_f1": 0.6737532227560861,
        "f1_score": 0.575516693163752,
        "precision": 0.5895765472312704,
        "recall": 0.562111801242236,
        "roc_auc": 0.6720593608287304
    },
    "epoch_0": {
        "accuracy": 0.6933333333333334,
        "macro_f1": 0.643668663499277,
        "f1_score": 0.5106382978723404,
        "precision": 0.5950413223140496,
        "recall": 0.4472049689440994,
        "roc_auc": 0.6388273979668595
    },
    "epoch_1": {
        "accuracy": 0.6744444444444444,
        "macro_f1": 0.6465104806894453,
        "f1_score": 0.5471406491499228,
        "precision": 0.5446153846153846,
        "recall": 0.5496894409937888,
        "roc_auc": 0.6468170388359948
    },
    "epoch_2": {
        "accuracy": 0.7033333333333334,
        "macro_f1": 0.6737532227560861,
        "f1_score": 0.575516693163752,
        "precision": 0.5895765472312704,
        "recall": 0.562111801242236,
        "roc_auc": 0.6720593608287304
    },
    "epoch_3": {
        "accuracy": 0.7022222222222222,
        "macro_f1": 0.665,
        "f1_score": 0.5533333333333333,
        "precision": 0.5971223021582733,
        "recall": 0.515527950310559,
        "roc_auc": 0.6608781620064906
    },
    "epoch_4": {
        "accuracy": 0.6877777777777778,
        "macro_f1": 0.6632270281283332,
        "f1_score": 0.5722983257229832,
        "precision": 0.5611940298507463,
        "recall": 0.5838509316770186,
        "roc_auc": 0.6647628360807238
    },
    "epoch_5": {
        "accuracy": 0.7033333333333334,
        "macro_f1": 0.6702686014201914,
        "f1_score": 0.5658536585365853,
        "precision": 0.5938566552901023,
        "recall": 0.5403726708074534,
        "roc_auc": 0.6672451589331385
    },
    "epoch_6": {
        "accuracy": 0.6488888888888888,
        "macro_f1": 0.6374298827129016,
        "f1_score": 0.572972972972973,
        "precision": 0.507177033492823,
        "recall": 0.6583850931677019,
        "roc_auc": 0.6509918545423284
    },
    "epoch_7": {
        "accuracy": 0.6877777777777778,
        "macro_f1": 0.6591088304157416,
        "f1_score": 0.5602503912363067,
        "precision": 0.5646687697160884,
        "recall": 0.5559006211180124,
        "roc_auc": 0.6585731479292485
    },
    "epoch_8": {
        "accuracy": 0.6944444444444444,
        "macro_f1": 0.6603890089533806,
        "f1_score": 0.5528455284552846,
        "precision": 0.5802047781569966,
        "recall": 0.5279503105590062,
        "roc_auc": 0.6575737711964581
    },
    "epoch_9": {
        "accuracy": 0.6877777777777778,
        "macro_f1": 0.6448188351349871,
        "f1_score": 0.5212947189097104,
        "precision": 0.5773584905660377,
        "recall": 0.4751552795031056,
        "roc_auc": 0.6406918266027639
    }
}