{
    "best_model_path": "/apdcephfs_qy3/share_1565115/modihanwang/MultiAgentsProject/model/MAST-PNU_full/checkpoints/FHM/round_12_ckpt.pth",
    "best_epoch": {
        "accuracy": 0.7244444444444444,
        "macro_f1": 0.687351169631601,
        "f1_score": 0.5796610169491525,
        "precision": 0.6380597014925373,
        "recall": 0.531055900621118,
        "roc_auc": 0.6816179157084828
    },
    "epoch_0": {
        "accuracy": 0.7244444444444444,
        "macro_f1": 0.687351169631601,
        "f1_score": 0.5796610169491525,
        "precision": 0.6380597014925373,
        "recall": 0.531055900621118,
        "roc_auc": 0.6816179157084828
    },
    "epoch_1": {
        "accuracy": 0.71,
        "macro_f1": 0.6771715333733719,
        "f1_score": 0.5742251223491027,
        "precision": 0.6048109965635738,
        "recall": 0.546583850931677,
        "roc_auc": 0.6738109566077071
    },
    "epoch_2": {
        "accuracy": 0.7044444444444444,
        "macro_f1": 0.6727720065609623,
        "f1_score": 0.5709677419354838,
        "precision": 0.5939597315436241,
        "recall": 0.5496894409937888,
        "roc_auc": 0.6701734402200777
    },
    "epoch_3": {
        "accuracy": 0.7122222222222222,
        "macro_f1": 0.6702779086198776,
        "f1_score": 0.5526770293609672,
        "precision": 0.622568093385214,
        "recall": 0.4968944099378882,
        "roc_auc": 0.664537170366868
    },
    "epoch_4": {
        "accuracy": 0.7111111111111111,
        "macro_f1": 0.6755389658289841,
        "f1_score": 0.5681063122923588,
        "precision": 0.6107142857142858,
        "recall": 0.531055900621118,
        "roc_auc": 0.6712372928711127
    },
    "epoch_5": {
        "accuracy": 0.6922222222222222,
        "macro_f1": 0.6595001905323843,
        "f1_score": 0.5539452495974235,
        "precision": 0.5752508361204013,
        "recall": 0.5341614906832298,
        "roc_auc": 0.6572191536461132
    },
    "epoch_6": {
        "accuracy": 0.6977777777777778,
        "macro_f1": 0.6514885765700098,
        "f1_score": 0.5244755244755245,
        "precision": 0.6,
        "recall": 0.4658385093167702,
        "roc_auc": 0.6464140643469665
    },
    "epoch_7": {
        "accuracy": 0.7022222222222222,
        "macro_f1": 0.6671891557753444,
        "f1_score": 0.5592105263157895,
        "precision": 0.5944055944055944,
        "recall": 0.5279503105590062,
        "roc_auc": 0.6636291345182574
    },
    "epoch_8": {
        "accuracy": 0.6988888888888889,
        "macro_f1": 0.6730523558595212,
        "f1_score": 0.5811437403400309,
        "precision": 0.5784615384615385,
        "recall": 0.5838509316770186,
        "roc_auc": 0.6734133551118657
    },
    "epoch_9": {
        "accuracy": 0.7066666666666667,
        "macro_f1": 0.658500968730417,
        "f1_score": 0.5302491103202847,
        "precision": 0.6208333333333333,
        "recall": 0.46273291925465837,
        "roc_auc": 0.6526467364439381
    }
}