{
    "best_model_path": "/apdcephfs_qy3/share_1565115/modihanwang/MultiAgentsProject/model/MAST-PNU_full/checkpoints/FHM/round_5_ckpt.pth",
    "best_epoch": {
        "accuracy": 0.6855555555555556,
        "macro_f1": 0.6683485790553079,
        "f1_score": 0.5928057553956835,
        "precision": 0.5522788203753352,
        "recall": 0.639751552795031,
        "roc_auc": 0.6754121085774464
    },
    "epoch_0": {
        "accuracy": 0.6855555555555556,
        "macro_f1": 0.6683485790553079,
        "f1_score": 0.5928057553956835,
        "precision": 0.5522788203753352,
        "recall": 0.639751552795031,
        "roc_auc": 0.6754121085774464
    },
    "epoch_1": {
        "accuracy": 0.69,
        "macro_f1": 0.5884895057449225,
        "f1_score": 0.3841059602649007,
        "precision": 0.6641221374045801,
        "recall": 0.2701863354037267,
        "roc_auc": 0.5970308839648392
    },
    "epoch_2": {
        "accuracy": 0.6888888888888889,
        "macro_f1": 0.6560741132990136,
        "f1_score": 0.5498392282958199,
        "precision": 0.57,
        "recall": 0.531055900621118,
        "roc_auc": 0.6539362548088289
    },
    "epoch_3": {
        "accuracy": 0.6944444444444444,
        "macro_f1": 0.6418104851839792,
        "f1_score": 0.5045045045045045,
        "precision": 0.6008583690987125,
        "recall": 0.43478260869565216,
        "roc_auc": 0.6369414773582067
    },
    "epoch_4": {
        "accuracy": 0.6888888888888889,
        "macro_f1": 0.6576161387795918,
        "f1_score": 0.554140127388535,
        "precision": 0.5686274509803921,
        "recall": 0.5403726708074534,
        "roc_auc": 0.6559994841926541
    },
    "epoch_5": {
        "accuracy": 0.6766666666666666,
        "macro_f1": 0.6521353364883334,
        "f1_score": 0.5597579425113465,
        "precision": 0.5457227138643068,
        "recall": 0.5745341614906833,
        "roc_auc": 0.6540490876657569
    },
    "epoch_6": {
        "accuracy": 0.68,
        "macro_f1": 0.649371520093501,
        "f1_score": 0.5457413249211357,
        "precision": 0.5544871794871795,
        "recall": 0.5372670807453416,
        "roc_auc": 0.6483913258397989
    },
    "epoch_7": {
        "accuracy": 0.6822222222222222,
        "macro_f1": 0.653769793230352,
        "f1_score": 0.5545171339563862,
        "precision": 0.55625,
        "recall": 0.5527950310559007,
        "roc_auc": 0.6535601452857358
    },
    "epoch_8": {
        "accuracy": 0.6755555555555556,
        "macro_f1": 0.6445016800947996,
        "f1_score": 0.5394321766561514,
        "precision": 0.5480769230769231,
        "recall": 0.531055900621118,
        "roc_auc": 0.6435556319714587
    },
    "epoch_9": {
        "accuracy": 0.6733333333333333,
        "macro_f1": 0.6430864523926427,
        "f1_score": 0.5391849529780565,
        "precision": 0.5443037974683544,
        "recall": 0.5341614906832298,
        "roc_auc": 0.6425132712931719
    }
}