{
    "best_model_path": "/apdcephfs_qy3/share_1565115/modihanwang/MultiAgentsProject/model/MAST-PNU_full/checkpoints/FHM/round_13_ckpt.pth",
    "best_epoch": {
        "accuracy": 0.6933333333333334,
        "macro_f1": 0.6634948846887463,
        "f1_score": 0.5632911392405063,
        "precision": 0.5741935483870968,
        "recall": 0.5527950310559007,
        "roc_auc": 0.6622106643168777
    },
    "epoch_0": {
        "accuracy": 0.7133333333333334,
        "macro_f1": 0.6615633963760174,
        "f1_score": 0.5291970802919708,
        "precision": 0.6415929203539823,
        "recall": 0.4503105590062112,
        "roc_auc": 0.6550860753508564
    },
    "epoch_1": {
        "accuracy": 0.7111111111111111,
        "macro_f1": 0.6603260869565217,
        "f1_score": 0.5289855072463768,
        "precision": 0.6347826086956522,
        "recall": 0.453416149068323,
        "roc_auc": 0.6540437146725698
    },
    "epoch_2": {
        "accuracy": 0.6922222222222222,
        "macro_f1": 0.660527659574468,
        "f1_score": 0.5568,
        "precision": 0.5742574257425742,
        "recall": 0.5403726708074534,
        "roc_auc": 0.6585946399019966
    },
    "epoch_3": {
        "accuracy": 0.7044444444444444,
        "macro_f1": 0.6610582232315281,
        "f1_score": 0.5397923875432526,
        "precision": 0.609375,
        "recall": 0.484472049689441,
        "roc_auc": 0.6557308345333018
    },
    "epoch_4": {
        "accuracy": 0.7011111111111111,
        "macro_f1": 0.6537030600290941,
        "f1_score": 0.5255731922398589,
        "precision": 0.6081632653061224,
        "recall": 0.46273291925465837,
        "roc_auc": 0.6483214769283673
    },
    "epoch_5": {
        "accuracy": 0.6922222222222222,
        "macro_f1": 0.6534607359754461,
        "f1_score": 0.5375626043405676,
        "precision": 0.5812274368231047,
        "recall": 0.5,
        "roc_auc": 0.6496539792387543
    },
    "epoch_6": {
        "accuracy": 0.6866666666666666,
        "macro_f1": 0.6525553200926519,
        "f1_score": 0.5436893203883495,
        "precision": 0.5675675675675675,
        "recall": 0.5217391304347826,
        "roc_auc": 0.6501429216187754
    },
    "epoch_7": {
        "accuracy": 0.6933333333333334,
        "macro_f1": 0.6634948846887463,
        "f1_score": 0.5632911392405063,
        "precision": 0.5741935483870968,
        "recall": 0.5527950310559007,
        "roc_auc": 0.6622106643168777
    },
    "epoch_8": {
        "accuracy": 0.6944444444444444,
        "macro_f1": 0.6559628245243598,
        "f1_score": 0.5409015025041736,
        "precision": 0.5848375451263538,
        "recall": 0.5031055900621118,
        "roc_auc": 0.6520718261729244
    },
    "epoch_9": {
        "accuracy": 0.6666666666666666,
        "macro_f1": 0.6493506493506493,
        "f1_score": 0.5714285714285714,
        "precision": 0.5291005291005291,
        "recall": 0.6211180124223602,
        "roc_auc": 0.6565797674568548
    }
}