{
    "best_model_path": "/apdcephfs_qy3/share_1565115/modihanwang/MultiAgentsProject/model/MAST-PNU_full/checkpoints/FHM/round_2_ckpt.pth",
    "best_epoch": {
        "accuracy": 0.6333333333333333,
        "macro_f1": 0.6166040152015863,
        "f1_score": 0.5365168539325843,
        "precision": 0.4897435897435897,
        "recall": 0.593167701863354,
        "roc_auc": 0.6244385222119537
    },
    "epoch_0": {
        "accuracy": 0.6422222222222222,
        "macro_f1": 0.3910690121786198,
        "f1_score": 0.0,
        "precision": 0.0,
        "recall": 0.0,
        "roc_auc": 0.5
    },
    "epoch_1": {
        "accuracy": 0.6766666666666666,
        "macro_f1": 0.5945663531870429,
        "f1_score": 0.4121212121212121,
        "precision": 0.5895953757225434,
        "recall": 0.3167701863354037,
        "roc_auc": 0.5969664080465946
    },
    "epoch_2": {
        "accuracy": 0.5444444444444444,
        "macro_f1": 0.5444421947762705,
        "f1_score": 0.5434298440979956,
        "precision": 0.4236111111111111,
        "recall": 0.7577639751552795,
        "roc_auc": 0.5916847557437297
    },
    "epoch_3": {
        "accuracy": 0.5322222222222223,
        "macro_f1": 0.5315924743265946,
        "f1_score": 0.5487674169346195,
        "precision": 0.41898527004909986,
        "recall": 0.7950310559006211,
        "roc_auc": 0.5904221023447742
    },
    "epoch_4": {
        "accuracy": 0.6333333333333333,
        "macro_f1": 0.6166040152015863,
        "f1_score": 0.5365168539325843,
        "precision": 0.4897435897435897,
        "recall": 0.593167701863354,
        "roc_auc": 0.6244385222119537
    },
    "epoch_5": {
        "accuracy": 0.5944444444444444,
        "macro_f1": 0.5877129679018543,
        "f1_score": 0.535031847133758,
        "precision": 0.4535637149028078,
        "recall": 0.6521739130434783,
        "roc_auc": 0.6072288250338499
    },
    "epoch_6": {
        "accuracy": 0.6033333333333334,
        "macro_f1": 0.5950131025172715,
        "f1_score": 0.5369649805447471,
        "precision": 0.4610244988864143,
        "recall": 0.6428571428571429,
        "roc_auc": 0.6120860108749382
    },
    "epoch_7": {
        "accuracy": 0.6022222222222222,
        "macro_f1": 0.5942699125073666,
        "f1_score": 0.537467700258398,
        "precision": 0.46017699115044247,
        "recall": 0.6459627329192547,
        "roc_auc": 0.6119087020997657
    },
    "epoch_8": {
        "accuracy": 0.6077777777777778,
        "macro_f1": 0.5976194064727928,
        "f1_score": 0.5336856010568032,
        "precision": 0.46436781609195404,
        "recall": 0.6273291925465838,
        "roc_auc": 0.6121075028476863
    },
    "epoch_9": {
        "accuracy": 0.6088888888888889,
        "macro_f1": 0.598904076289255,
        "f1_score": 0.5356200527704486,
        "precision": 0.46559633027522934,
        "recall": 0.6304347826086957,
        "roc_auc": 0.6136602978787423
    }
}