{
    "best_model_path": "/apdcephfs_qy3/share_1565115/modihanwang/MultiAgentsProject/model/MAST-PNU_full/checkpoints/Sent140/round_4_ckpt.pth",
    "best_epoch": {
        "accuracy": 0.771,
        "macro_f1": 0.769087816206002,
        "f1_score": 0.7480748074807481,
        "precision": 0.8292682926829268,
        "recall": 0.6813627254509018,
        "roc_auc": 0.7708210832843331
    },
    "epoch_0": {
        "accuracy": 0.641,
        "macro_f1": 0.6067800323119472,
        "f1_score": 0.4907801418439716,
        "precision": 0.8398058252427184,
        "recall": 0.3466933867735471,
        "roc_auc": 0.6404125616502467
    },
    "epoch_1": {
        "accuracy": 0.652,
        "macro_f1": 0.6117440724030364,
        "f1_score": 0.48672566371681414,
        "precision": 0.9217877094972067,
        "recall": 0.3306613226452906,
        "roc_auc": 0.6513586054344217
    },
    "epoch_2": {
        "accuracy": 0.761,
        "macro_f1": 0.7590043147302814,
        "f1_score": 0.7370737073707371,
        "precision": 0.8170731707317073,
        "recall": 0.6713426853707415,
        "roc_auc": 0.7608210432841732
    },
    "epoch_3": {
        "accuracy": 0.744,
        "macro_f1": 0.7365648050579557,
        "f1_score": 0.6923076923076923,
        "precision": 0.8648648648648649,
        "recall": 0.5771543086172345,
        "roc_auc": 0.7436669746678988
    },
    "epoch_4": {
        "accuracy": 0.771,
        "macro_f1": 0.769087816206002,
        "f1_score": 0.7480748074807481,
        "precision": 0.8292682926829268,
        "recall": 0.6813627254509018,
        "roc_auc": 0.7708210832843331
    },
    "epoch_5": {
        "accuracy": 0.77,
        "macro_f1": 0.7682049793601651,
        "f1_score": 0.7478070175438597,
        "precision": 0.8256658595641646,
        "recall": 0.6833667334669339,
        "roc_auc": 0.7698270793083172
    },
    "epoch_6": {
        "accuracy": 0.747,
        "macro_f1": 0.7412556159292452,
        "f1_score": 0.7027027027027027,
        "precision": 0.8494318181818182,
        "recall": 0.5991983967935872,
        "roc_auc": 0.7467049868199472
    },
    "epoch_7": {
        "accuracy": 0.738,
        "macro_f1": 0.7318035901467506,
        "f1_score": 0.6910377358490566,
        "precision": 0.839541547277937,
        "recall": 0.5871743486973948,
        "roc_auc": 0.7376989507958033
    },
    "epoch_8": {
        "accuracy": 0.724,
        "macro_f1": 0.7127381879191836,
        "f1_score": 0.655860349127182,
        "precision": 0.8679867986798679,
        "recall": 0.5270541082164328,
        "roc_auc": 0.7236068944275778
    },
    "epoch_9": {
        "accuracy": 0.737,
        "macro_f1": 0.7305258843720381,
        "f1_score": 0.6887573964497041,
        "precision": 0.8410404624277457,
        "recall": 0.5831663326653307,
        "roc_auc": 0.7366929467717871
    }
}