{
    "best_model_path": "/apdcephfs_qy3/share_1565115/modihanwang/MultiAgentsProject/model/MAST-PNU_full/checkpoints/Sent140/round_10_ckpt.pth",
    "best_epoch": {
        "accuracy": 0.787,
        "macro_f1": 0.7869520642144483,
        "f1_score": 0.783756345177665,
        "precision": 0.7942386831275721,
        "recall": 0.7735470941883767,
        "roc_auc": 0.7869731478925917
    },
    "epoch_0": {
        "accuracy": 0.62,
        "macro_f1": 0.5634191176470589,
        "f1_score": 0.40625,
        "precision": 0.9219858156028369,
        "recall": 0.2605210420841683,
        "roc_auc": 0.6192824771299086
    },
    "epoch_1": {
        "accuracy": 0.787,
        "macro_f1": 0.7869520642144483,
        "f1_score": 0.783756345177665,
        "precision": 0.7942386831275721,
        "recall": 0.7735470941883767,
        "roc_auc": 0.7869731478925917
    },
    "epoch_2": {
        "accuracy": 0.73,
        "macro_f1": 0.71875,
        "f1_score": 0.6625,
        "precision": 0.8803986710963455,
        "recall": 0.531062124248497,
        "roc_auc": 0.7296029184116737
    },
    "epoch_3": {
        "accuracy": 0.742,
        "macro_f1": 0.7346890926366969,
        "f1_score": 0.6906474820143885,
        "precision": 0.8597014925373134,
        "recall": 0.5771543086172345,
        "roc_auc": 0.7416709666838668
    },
    "epoch_4": {
        "accuracy": 0.756,
        "macro_f1": 0.7546564989884608,
        "f1_score": 0.7365010799136069,
        "precision": 0.7985948477751756,
        "recall": 0.6833667334669339,
        "roc_auc": 0.7558550234200937
    },
    "epoch_5": {
        "accuracy": 0.748,
        "macro_f1": 0.7426638781778969,
        "f1_score": 0.705607476635514,
        "precision": 0.84593837535014,
        "recall": 0.6052104208416834,
        "roc_auc": 0.7477149908599634
    },
    "epoch_6": {
        "accuracy": 0.716,
        "macro_f1": 0.7009972373829256,
        "f1_score": 0.634020618556701,
        "precision": 0.8880866425992779,
        "recall": 0.49298597194388777,
        "roc_auc": 0.715554862219449
    },
    "epoch_7": {
        "accuracy": 0.749,
        "macro_f1": 0.7479350254826642,
        "f1_score": 0.7315508021390374,
        "precision": 0.7844036697247706,
        "recall": 0.685370741482966,
        "roc_auc": 0.748872995491982
    },
    "epoch_8": {
        "accuracy": 0.757,
        "macro_f1": 0.7539686477084153,
        "f1_score": 0.7266591676040495,
        "precision": 0.8282051282051283,
        "recall": 0.6472945891783567,
        "roc_auc": 0.7567810271241086
    },
    "epoch_9": {
        "accuracy": 0.767,
        "macro_f1": 0.766568384943761,
        "f1_score": 0.7565308254963428,
        "precision": 0.7903930131004366,
        "recall": 0.7254509018036072,
        "roc_auc": 0.7669170676682708
    }
}