{
    "best_model_path": "/apdcephfs_qy3/share_1565115/modihanwang/MultiAgentsProject/model/MAST-PNU_full/checkpoints/Sent140/round_8_ckpt.pth",
    "best_epoch": {
        "accuracy": 0.745,
        "macro_f1": 0.7421572840567254,
        "f1_score": 0.7150837988826816,
        "precision": 0.8080808080808081,
        "recall": 0.6412825651302605,
        "roc_auc": 0.7447929791719167
    },
    "epoch_0": {
        "accuracy": 0.676,
        "macro_f1": 0.6540294886470417,
        "f1_score": 0.5668449197860963,
        "precision": 0.8514056224899599,
        "recall": 0.4248496993987976,
        "roc_auc": 0.675498701994808
    },
    "epoch_1": {
        "accuracy": 0.687,
        "macro_f1": 0.6748899767437271,
        "f1_score": 0.6121437422552665,
        "precision": 0.801948051948052,
        "recall": 0.49498997995991983,
        "roc_auc": 0.6866167464669858
    },
    "epoch_2": {
        "accuracy": 0.64,
        "macro_f1": 0.5954037870205535,
        "f1_score": 0.46107784431137727,
        "precision": 0.9112426035502958,
        "recall": 0.30861723446893785,
        "roc_auc": 0.6393385573542294
    },
    "epoch_3": {
        "accuracy": 0.745,
        "macro_f1": 0.7421572840567254,
        "f1_score": 0.7150837988826816,
        "precision": 0.8080808080808081,
        "recall": 0.6412825651302605,
        "roc_auc": 0.7447929791719167
    },
    "epoch_4": {
        "accuracy": 0.723,
        "macro_f1": 0.7165367545402728,
        "f1_score": 0.673733804475854,
        "precision": 0.8171428571428572,
        "recall": 0.5731462925851704,
        "roc_auc": 0.7227008908035631
    },
    "epoch_5": {
        "accuracy": 0.715,
        "macro_f1": 0.7064152894796751,
        "f1_score": 0.6562123039806996,
        "precision": 0.8242424242424242,
        "recall": 0.5450901803607214,
        "roc_auc": 0.7146608586434346
    },
    "epoch_6": {
        "accuracy": 0.692,
        "macro_f1": 0.6760336420129671,
        "f1_score": 0.6041131105398457,
        "precision": 0.8422939068100358,
        "recall": 0.4709418837675351,
        "roc_auc": 0.6915587662350648
    },
    "epoch_7": {
        "accuracy": 0.732,
        "macro_f1": 0.7263250767923666,
        "f1_score": 0.6869158878504673,
        "precision": 0.8235294117647058,
        "recall": 0.5891783567134269,
        "roc_auc": 0.7317149268597074
    },
    "epoch_8": {
        "accuracy": 0.691,
        "macro_f1": 0.6754334643853876,
        "f1_score": 0.6043533930857875,
        "precision": 0.8368794326241135,
        "recall": 0.4729458917835671,
        "roc_auc": 0.6905647622590491
    },
    "epoch_9": {
        "accuracy": 0.708,
        "macro_f1": 0.6968237092165592,
        "f1_score": 0.6386138613861386,
        "precision": 0.8349514563106796,
        "recall": 0.5170340681362725,
        "roc_auc": 0.7076188304753218
    }
}