{
    "best_model_path": "/apdcephfs_qy3/share_1565115/modihanwang/MultiAgentsProject/model/MAST-PNU_full/checkpoints/Sent140/round_15_ckpt.pth",
    "best_epoch": {
        "accuracy": 0.767,
        "macro_f1": 0.7654611908733198,
        "f1_score": 0.7464635473340587,
        "precision": 0.8166666666666667,
        "recall": 0.687374749498998,
        "roc_auc": 0.7668410673642694
    },
    "epoch_0": {
        "accuracy": 0.697,
        "macro_f1": 0.6755718447755825,
        "f1_score": 0.5921938088829072,
        "precision": 0.9016393442622951,
        "recall": 0.4408817635270541,
        "roc_auc": 0.6964887859551437
    },
    "epoch_1": {
        "accuracy": 0.727,
        "macro_f1": 0.7157431442556688,
        "f1_score": 0.6591760299625468,
        "precision": 0.8741721854304636,
        "recall": 0.5290581162324649,
        "roc_auc": 0.7266049064196257
    },
    "epoch_2": {
        "accuracy": 0.767,
        "macro_f1": 0.7654611908733198,
        "f1_score": 0.7464635473340587,
        "precision": 0.8166666666666667,
        "recall": 0.687374749498998,
        "roc_auc": 0.7668410673642694
    },
    "epoch_3": {
        "accuracy": 0.754,
        "macro_f1": 0.7518069663547102,
        "f1_score": 0.7284768211920529,
        "precision": 0.8108108108108109,
        "recall": 0.6613226452905812,
        "roc_auc": 0.753815015260061
    },
    "epoch_4": {
        "accuracy": 0.726,
        "macro_f1": 0.7155126586484152,
        "f1_score": 0.6608910891089109,
        "precision": 0.8640776699029126,
        "recall": 0.5350701402805611,
        "roc_auc": 0.7256189024756099
    },
    "epoch_5": {
        "accuracy": 0.734,
        "macro_f1": 0.7262743677555321,
        "f1_score": 0.6802884615384616,
        "precision": 0.8498498498498499,
        "recall": 0.5671342685370742,
        "roc_auc": 0.7336669346677387
    },
    "epoch_6": {
        "accuracy": 0.739,
        "macro_f1": 0.7332354856085144,
        "f1_score": 0.694021101992966,
        "precision": 0.8361581920903954,
        "recall": 0.593186372745491,
        "roc_auc": 0.7387089548358196
    },
    "epoch_7": {
        "accuracy": 0.755,
        "macro_f1": 0.7534613522997025,
        "f1_score": 0.7339847991313789,
        "precision": 0.8009478672985783,
        "recall": 0.6773547094188377,
        "roc_auc": 0.7548450193800775
    },
    "epoch_8": {
        "accuracy": 0.755,
        "macro_f1": 0.7532169927727834,
        "f1_score": 0.73224043715847,
        "precision": 0.8052884615384616,
        "recall": 0.6713426853707415,
        "roc_auc": 0.7548330193320774
    },
    "epoch_9": {
        "accuracy": 0.751,
        "macro_f1": 0.7489208132545611,
        "f1_score": 0.7260726072607261,
        "precision": 0.8048780487804879,
        "recall": 0.6613226452905812,
        "roc_auc": 0.7508210032840131
    }
}