{
    "best_model_path": "/apdcephfs_qy3/share_1565115/modihanwang/MultiAgentsProject/model/MAST-PNU_full/checkpoints/Sent140/round_12_ckpt.pth",
    "best_epoch": {
        "accuracy": 0.768,
        "macro_f1": 0.766351375304146,
        "f1_score": 0.7467248908296943,
        "precision": 0.8201438848920863,
        "recall": 0.685370741482966,
        "roc_auc": 0.7678350713402854
    },
    "epoch_0": {
        "accuracy": 0.725,
        "macro_f1": 0.7206349206349206,
        "f1_score": 0.7555555555555555,
        "precision": 0.6789137380191693,
        "recall": 0.8517034068136272,
        "roc_auc": 0.7252529010116041
    },
    "epoch_1": {
        "accuracy": 0.768,
        "macro_f1": 0.766351375304146,
        "f1_score": 0.7467248908296943,
        "precision": 0.8201438848920863,
        "recall": 0.685370741482966,
        "roc_auc": 0.7678350713402854
    },
    "epoch_2": {
        "accuracy": 0.751,
        "macro_f1": 0.7501302032374696,
        "f1_score": 0.7353878852284803,
        "precision": 0.7828054298642534,
        "recall": 0.6933867735470942,
        "roc_auc": 0.7508850035400142
    },
    "epoch_3": {
        "accuracy": 0.718,
        "macro_f1": 0.7028213007574895,
        "f1_score": 0.6356589147286822,
        "precision": 0.8945454545454545,
        "recall": 0.49298597194388777,
        "roc_auc": 0.7175508702034809
    },
    "epoch_4": {
        "accuracy": 0.734,
        "macro_f1": 0.7231462245887785,
        "f1_score": 0.6683291770573566,
        "precision": 0.8844884488448845,
        "recall": 0.5370741482965932,
        "roc_auc": 0.7336069344277378
    },
    "epoch_5": {
        "accuracy": 0.76,
        "macro_f1": 0.759189914873635,
        "f1_score": 0.7452229299363057,
        "precision": 0.7923250564334086,
        "recall": 0.7034068136272545,
        "roc_auc": 0.7598870395481583
    },
    "epoch_6": {
        "accuracy": 0.712,
        "macro_f1": 0.6981777481544826,
        "f1_score": 0.6335877862595419,
        "precision": 0.867595818815331,
        "recall": 0.49899799599198397,
        "roc_auc": 0.7115748462993852
    },
    "epoch_7": {
        "accuracy": 0.751,
        "macro_f1": 0.7508901425528658,
        "f1_score": 0.7561214495592556,
        "precision": 0.7394636015325671,
        "recall": 0.7735470941883767,
        "roc_auc": 0.7510450041800167
    },
    "epoch_8": {
        "accuracy": 0.731,
        "macro_f1": 0.720815053984405,
        "f1_score": 0.6674907292954264,
        "precision": 0.8709677419354839,
        "recall": 0.5410821643286573,
        "roc_auc": 0.7306209224836899
    },
    "epoch_9": {
        "accuracy": 0.72,
        "macro_f1": 0.7083333333333334,
        "f1_score": 0.65,
        "precision": 0.8637873754152824,
        "recall": 0.5210420841683366,
        "roc_auc": 0.7196028784115137
    }
}