{
    "best_model_path": "/apdcephfs_qy3/share_1565115/modihanwang/MultiAgentsProject/model/MAST-PNU_full/checkpoints/Sent140/round_11_ckpt.pth",
    "best_epoch": {
        "accuracy": 0.773,
        "macro_f1": 0.7729343780352522,
        "f1_score": 0.7767944936086529,
        "precision": 0.7625482625482626,
        "recall": 0.7915831663326653,
        "roc_auc": 0.7730370921483686
    },
    "epoch_0": {
        "accuracy": 0.74,
        "macro_f1": 0.7392396227399096,
        "f1_score": 0.7251585623678647,
        "precision": 0.767337807606264,
        "recall": 0.687374749498998,
        "roc_auc": 0.7398949595798384
    },
    "epoch_1": {
        "accuracy": 0.744,
        "macro_f1": 0.7403851224449232,
        "f1_score": 0.7097505668934241,
        "precision": 0.8172323759791122,
        "recall": 0.627254509018036,
        "roc_auc": 0.7437669750679002
    },
    "epoch_2": {
        "accuracy": 0.75,
        "macro_f1": 0.742559983523839,
        "f1_score": 0.6987951807228916,
        "precision": 0.8761329305135952,
        "recall": 0.5811623246492986,
        "roc_auc": 0.7496629986519946
    },
    "epoch_3": {
        "accuracy": 0.773,
        "macro_f1": 0.7729343780352522,
        "f1_score": 0.7767944936086529,
        "precision": 0.7625482625482626,
        "recall": 0.7915831663326653,
        "roc_auc": 0.7730370921483686
    },
    "epoch_4": {
        "accuracy": 0.758,
        "macro_f1": 0.7559342272998661,
        "f1_score": 0.7334801762114538,
        "precision": 0.8141809290953546,
        "recall": 0.6673346693386774,
        "roc_auc": 0.7578190312761252
    },
    "epoch_5": {
        "accuracy": 0.766,
        "macro_f1": 0.7651545564030511,
        "f1_score": 0.7510638297872341,
        "precision": 0.800453514739229,
        "recall": 0.7074148296593187,
        "roc_auc": 0.7658830635322541
    },
    "epoch_6": {
        "accuracy": 0.749,
        "macro_f1": 0.7437601513346421,
        "f1_score": 0.7071178529754959,
        "precision": 0.8463687150837989,
        "recall": 0.6072144288577155,
        "roc_auc": 0.7487169948679795
    },
    "epoch_7": {
        "accuracy": 0.699,
        "macro_f1": 0.6755203263338432,
        "f1_score": 0.5882352941176471,
        "precision": 0.9267241379310345,
        "recall": 0.4308617234468938,
        "roc_auc": 0.6984647938591754
    },
    "epoch_8": {
        "accuracy": 0.738,
        "macro_f1": 0.7303905426765016,
        "f1_score": 0.6850961538461539,
        "precision": 0.8558558558558559,
        "recall": 0.5711422845691383,
        "roc_auc": 0.7376669506678027
    },
    "epoch_9": {
        "accuracy": 0.764,
        "macro_f1": 0.7620727895957253,
        "f1_score": 0.7406593406593407,
        "precision": 0.8199513381995134,
        "recall": 0.6753507014028056,
        "roc_auc": 0.7638230552922212
    }
}