{
    "best_model_path": "/apdcephfs_qy3/share_1565115/modihanwang/MultiAgentsProject/model/MAST-PNU_full/checkpoints/Sent140/round_3_ckpt.pth",
    "best_epoch": {
        "accuracy": 0.758,
        "macro_f1": 0.7576121794871795,
        "f1_score": 0.7479166666666667,
        "precision": 0.7787418655097614,
        "recall": 0.7194388777555111,
        "roc_auc": 0.7579230316921267
    },
    "epoch_0": {
        "accuracy": 0.673,
        "macro_f1": 0.662669245647969,
        "f1_score": 0.6036363636363636,
        "precision": 0.7638036809815951,
        "recall": 0.49899799599198397,
        "roc_auc": 0.6726526906107624
    },
    "epoch_1": {
        "accuracy": 0.751,
        "macro_f1": 0.75076048082207,
        "f1_score": 0.7430340557275542,
        "precision": 0.7659574468085106,
        "recall": 0.7214428857715431,
        "roc_auc": 0.750941003764015
    },
    "epoch_2": {
        "accuracy": 0.719,
        "macro_f1": 0.7090419611193084,
        "f1_score": 0.6552147239263804,
        "precision": 0.8449367088607594,
        "recall": 0.5350701402805611,
        "roc_auc": 0.7186328745314982
    },
    "epoch_3": {
        "accuracy": 0.721,
        "macro_f1": 0.7115500925831154,
        "f1_score": 0.6593406593406593,
        "precision": 0.84375,
        "recall": 0.5410821643286573,
        "roc_auc": 0.7206408825635302
    },
    "epoch_4": {
        "accuracy": 0.658,
        "macro_f1": 0.6236779211176106,
        "f1_score": 0.5100286532951289,
        "precision": 0.8944723618090452,
        "recall": 0.35671342685370744,
        "roc_auc": 0.6573986295945184
    },
    "epoch_5": {
        "accuracy": 0.758,
        "macro_f1": 0.7576121794871795,
        "f1_score": 0.7479166666666667,
        "precision": 0.7787418655097614,
        "recall": 0.7194388777555111,
        "roc_auc": 0.7579230316921267
    },
    "epoch_6": {
        "accuracy": 0.747,
        "macro_f1": 0.7454910162352588,
        "f1_score": 0.7650882079851439,
        "precision": 0.71280276816609,
        "recall": 0.8256513026052105,
        "roc_auc": 0.7471569886279545
    },
    "epoch_7": {
        "accuracy": 0.709,
        "macro_f1": 0.6946199592616729,
        "f1_score": 0.6283524904214559,
        "precision": 0.8661971830985915,
        "recall": 0.49298597194388777,
        "roc_auc": 0.7085688342753371
    },
    "epoch_8": {
        "accuracy": 0.743,
        "macro_f1": 0.7405589188676255,
        "f1_score": 0.7153931339977851,
        "precision": 0.7995049504950495,
        "recall": 0.6472945891783567,
        "roc_auc": 0.742808971235885
    },
    "epoch_9": {
        "accuracy": 0.735,
        "macro_f1": 0.7318136783120253,
        "f1_score": 0.7025813692480359,
        "precision": 0.798469387755102,
        "recall": 0.627254509018036,
        "roc_auc": 0.7347849391397565
    }
}