{
    "best_model_path": "/apdcephfs_qy3/share_1565115/modihanwang/MultiAgentsProject/model/MAST-PNU_full/checkpoints/Sent140/round_7_ckpt.pth",
    "best_epoch": {
        "accuracy": 0.767,
        "macro_f1": 0.7659493466169636,
        "f1_score": 0.7502679528403001,
        "precision": 0.8064516129032258,
        "recall": 0.7014028056112225,
        "roc_auc": 0.7668690674762699
    },
    "epoch_0": {
        "accuracy": 0.695,
        "macro_f1": 0.6855900238229986,
        "f1_score": 0.6311970979443773,
        "precision": 0.7957317073170732,
        "recall": 0.5230460921843687,
        "roc_auc": 0.6946567786271145
    },
    "epoch_1": {
        "accuracy": 0.727,
        "macro_f1": 0.7206300866046732,
        "f1_score": 0.6784452296819788,
        "precision": 0.8228571428571428,
        "recall": 0.5771543086172345,
        "roc_auc": 0.7267009068036273
    },
    "epoch_2": {
        "accuracy": 0.757,
        "macro_f1": 0.7556981152562003,
        "f1_score": 0.7378640776699029,
        "precision": 0.7990654205607477,
        "recall": 0.685370741482966,
        "roc_auc": 0.7568570274281097
    },
    "epoch_3": {
        "accuracy": 0.767,
        "macro_f1": 0.7659493466169636,
        "f1_score": 0.7502679528403001,
        "precision": 0.8064516129032258,
        "recall": 0.7014028056112225,
        "roc_auc": 0.7668690674762699
    },
    "epoch_4": {
        "accuracy": 0.697,
        "macro_f1": 0.6789679508301805,
        "f1_score": 0.7550525464834277,
        "precision": 0.6327913279132791,
        "recall": 0.935871743486974,
        "roc_auc": 0.6974767899071597
    },
    "epoch_5": {
        "accuracy": 0.636,
        "macro_f1": 0.5890516124079317,
        "f1_score": 0.4501510574018127,
        "precision": 0.9141104294478528,
        "recall": 0.2985971943887776,
        "roc_auc": 0.6353265413061653
    },
    "epoch_6": {
        "accuracy": 0.746,
        "macro_f1": 0.7414958232238524,
        "f1_score": 0.7073732718894009,
        "precision": 0.8319783197831978,
        "recall": 0.6152304609218436,
        "roc_auc": 0.7457389829559319
    },
    "epoch_7": {
        "accuracy": 0.729,
        "macro_f1": 0.7198210576703379,
        "f1_score": 0.6691086691086691,
        "precision": 0.85625,
        "recall": 0.5490981963927856,
        "roc_auc": 0.7286409145636582
    },
    "epoch_8": {
        "accuracy": 0.737,
        "macro_f1": 0.7300013653923347,
        "f1_score": 0.6865315852205006,
        "precision": 0.8470588235294118,
        "recall": 0.5771543086172345,
        "roc_auc": 0.7366809467237869
    },
    "epoch_9": {
        "accuracy": 0.757,
        "macro_f1": 0.7539686477084153,
        "f1_score": 0.7266591676040495,
        "precision": 0.8282051282051283,
        "recall": 0.6472945891783567,
        "roc_auc": 0.7567810271241086
    }
}