{
    "best_model_path": "/apdcephfs_qy3/share_1565115/modihanwang/MultiAgentsProject/model/MAST-PNU_full/checkpoints/Sent140/round_13_ckpt.pth",
    "best_epoch": {
        "accuracy": 0.771,
        "macro_f1": 0.7708989664442019,
        "f1_score": 0.7660878447395302,
        "precision": 0.78125,
        "recall": 0.751503006012024,
        "roc_auc": 0.7709610838443354
    },
    "epoch_0": {
        "accuracy": 0.771,
        "macro_f1": 0.7706860692287743,
        "f1_score": 0.7791706846673095,
        "precision": 0.7509293680297398,
        "recall": 0.8096192384769539,
        "roc_auc": 0.7710770843083372
    },
    "epoch_1": {
        "accuracy": 0.756,
        "macro_f1": 0.750833278870662,
        "f1_score": 0.7149532710280374,
        "precision": 0.8571428571428571,
        "recall": 0.6132264529058116,
        "roc_auc": 0.7557150228600913
    },
    "epoch_2": {
        "accuracy": 0.764,
        "macro_f1": 0.7576394907964623,
        "f1_score": 0.7183770883054893,
        "precision": 0.887905604719764,
        "recall": 0.6032064128256514,
        "roc_auc": 0.7636790547162189
    },
    "epoch_3": {
        "accuracy": 0.663,
        "macro_f1": 0.6258777164108684,
        "f1_score": 0.5080291970802919,
        "precision": 0.9354838709677419,
        "recall": 0.3486973947895792,
        "roc_auc": 0.662372649490598
    },
    "epoch_4": {
        "accuracy": 0.771,
        "macro_f1": 0.7708989664442019,
        "f1_score": 0.7660878447395302,
        "precision": 0.78125,
        "recall": 0.751503006012024,
        "roc_auc": 0.7709610838443354
    },
    "epoch_5": {
        "accuracy": 0.761,
        "macro_f1": 0.7575669049408676,
        "f1_score": 0.7287173666288309,
        "precision": 0.8403141361256544,
        "recall": 0.6432865731462926,
        "roc_auc": 0.7607650430601721
    },
    "epoch_6": {
        "accuracy": 0.753,
        "macro_f1": 0.7485521387829313,
        "f1_score": 0.7151095732410612,
        "precision": 0.842391304347826,
        "recall": 0.6212424849699398,
        "roc_auc": 0.7527370109480438
    },
    "epoch_7": {
        "accuracy": 0.747,
        "macro_f1": 0.7414121757048051,
        "f1_score": 0.7033997655334114,
        "precision": 0.847457627118644,
        "recall": 0.6012024048096193,
        "roc_auc": 0.7467089868359474
    },
    "epoch_8": {
        "accuracy": 0.752,
        "macro_f1": 0.7476022211004543,
        "f1_score": 0.7142857142857143,
        "precision": 0.8401084010840109,
        "recall": 0.6212424849699398,
        "roc_auc": 0.7517390069560278
    },
    "epoch_9": {
        "accuracy": 0.753,
        "macro_f1": 0.7500301077096989,
        "f1_score": 0.7227833894500562,
        "precision": 0.8214285714285714,
        "recall": 0.6452905811623246,
        "roc_auc": 0.7527850111400445
    }
}