{
    "best_model_path": "/apdcephfs_qy3/share_1565115/modihanwang/MultiAgentsProject/model/MAST-PNU_full/checkpoints/Sent140/round_14_ckpt.pth",
    "best_epoch": {
        "accuracy": 0.771,
        "macro_f1": 0.7696341609402145,
        "f1_score": 0.7518959913326111,
        "precision": 0.8183962264150944,
        "recall": 0.6953907815631263,
        "roc_auc": 0.7708490833963336
    },
    "epoch_0": {
        "accuracy": 0.501,
        "macro_f1": 0.33377748167888077,
        "f1_score": 0.0,
        "precision": 0.0,
        "recall": 0.0,
        "roc_auc": 0.5
    },
    "epoch_1": {
        "accuracy": 0.761,
        "macro_f1": 0.7581262985531094,
        "f1_score": 0.7317620650953984,
        "precision": 0.8316326530612245,
        "recall": 0.6533066132264529,
        "roc_auc": 0.7607850431401725
    },
    "epoch_2": {
        "accuracy": 0.771,
        "macro_f1": 0.7696341609402145,
        "f1_score": 0.7518959913326111,
        "precision": 0.8183962264150944,
        "recall": 0.6953907815631263,
        "roc_auc": 0.7708490833963336
    },
    "epoch_3": {
        "accuracy": 0.726,
        "macro_f1": 0.7206806421490872,
        "f1_score": 0.7592267135325131,
        "precision": 0.676056338028169,
        "recall": 0.8657314629258517,
        "roc_auc": 0.7262789051156204
    },
    "epoch_4": {
        "accuracy": 0.751,
        "macro_f1": 0.7433177571538578,
        "f1_score": 0.6989117291414753,
        "precision": 0.8810975609756098,
        "recall": 0.5791583166332666,
        "roc_auc": 0.7506570026280105
    },
    "epoch_5": {
        "accuracy": 0.705,
        "macro_f1": 0.6877563441030934,
        "f1_score": 0.6143790849673203,
        "precision": 0.8834586466165414,
        "recall": 0.4709418837675351,
        "roc_auc": 0.7045328181312726
    },
    "epoch_6": {
        "accuracy": 0.751,
        "macro_f1": 0.7450314410024258,
        "f1_score": 0.706021251475797,
        "precision": 0.8591954022988506,
        "recall": 0.5991983967935872,
        "roc_auc": 0.7506970027880112
    },
    "epoch_7": {
        "accuracy": 0.729,
        "macro_f1": 0.7189610060988573,
        "f1_score": 0.6658446362515413,
        "precision": 0.8653846153846154,
        "recall": 0.5410821643286573,
        "roc_auc": 0.7286249144996579
    },
    "epoch_8": {
        "accuracy": 0.735,
        "macro_f1": 0.7268241190593265,
        "f1_score": 0.6795646916565901,
        "precision": 0.8567073170731707,
        "recall": 0.56312625250501,
        "roc_auc": 0.7346569386277545
    },
    "epoch_9": {
        "accuracy": 0.747,
        "macro_f1": 0.7452449927550898,
        "f1_score": 0.7241003271537623,
        "precision": 0.7942583732057417,
        "recall": 0.6653306613226453,
        "roc_auc": 0.7468369873479493
    }
}