{
    "best_model_path": "/apdcephfs_qy3/share_1565115/modihanwang/MultiAgentsProject/model/MAST-PNU_full/checkpoints/Sent140/round_5_ckpt.pth",
    "best_epoch": {
        "accuracy": 0.754,
        "macro_f1": 0.7539990159960639,
        "f1_score": 0.7535070140280561,
        "precision": 0.7535070140280561,
        "recall": 0.7535070140280561,
        "roc_auc": 0.7539990159960639
    },
    "epoch_0": {
        "accuracy": 0.676,
        "macro_f1": 0.6517267473858008,
        "f1_score": 0.5597826086956522,
        "precision": 0.869198312236287,
        "recall": 0.41282565130260523,
        "roc_auc": 0.6754747018988075
    },
    "epoch_1": {
        "accuracy": 0.699,
        "macro_f1": 0.6794431469524203,
        "f1_score": 0.600265604249668,
        "precision": 0.889763779527559,
        "recall": 0.4529058116232465,
        "roc_auc": 0.6985087940351761
    },
    "epoch_2": {
        "accuracy": 0.745,
        "macro_f1": 0.743055184692941,
        "f1_score": 0.7207009857612268,
        "precision": 0.7946859903381642,
        "recall": 0.6593186372745491,
        "roc_auc": 0.7448289793159172
    },
    "epoch_3": {
        "accuracy": 0.667,
        "macro_f1": 0.63710903402348,
        "f1_score": 0.5329593267882188,
        "precision": 0.8878504672897196,
        "recall": 0.3807615230460922,
        "roc_auc": 0.6664286657146627
    },
    "epoch_4": {
        "accuracy": 0.707,
        "macro_f1": 0.6922394985919694,
        "f1_score": 0.6248399487836107,
        "precision": 0.8652482269503546,
        "recall": 0.48897795591182364,
        "roc_auc": 0.7065648262593051
    },
    "epoch_5": {
        "accuracy": 0.741,
        "macro_f1": 0.734282393182035,
        "f1_score": 0.6920332936979786,
        "precision": 0.8508771929824561,
        "recall": 0.5831663326653307,
        "roc_auc": 0.740684962739851
    },
    "epoch_6": {
        "accuracy": 0.726,
        "macro_f1": 0.7161809977998848,
        "f1_score": 0.6633906633906634,
        "precision": 0.8571428571428571,
        "recall": 0.5410821643286573,
        "roc_auc": 0.7256309025236101
    },
    "epoch_7": {
        "accuracy": 0.749,
        "macro_f1": 0.7443406075730182,
        "f1_score": 0.7098265895953757,
        "precision": 0.8387978142076503,
        "recall": 0.6152304609218436,
        "roc_auc": 0.7487329949319798
    },
    "epoch_8": {
        "accuracy": 0.754,
        "macro_f1": 0.7539990159960639,
        "f1_score": 0.7535070140280561,
        "precision": 0.7535070140280561,
        "recall": 0.7535070140280561,
        "roc_auc": 0.7539990159960639
    },
    "epoch_9": {
        "accuracy": 0.702,
        "macro_f1": 0.6926960660971575,
        "f1_score": 0.639225181598063,
        "precision": 0.8073394495412844,
        "recall": 0.5290581162324649,
        "roc_auc": 0.7016548066192265
    }
}