{
    "best_model_path": "/apdcephfs_qy3/share_1565115/modihanwang/MultiAgentsProject/model/MAST-PNU_full/checkpoints/Sent140/round_0_ckpt.pth",
    "best_epoch": {
        "accuracy": 0.649,
        "macro_f1": 0.645087085113375,
        "f1_score": 0.6823529411764706,
        "precision": 0.6221122112211221,
        "recall": 0.7555110220440882,
        "roc_auc": 0.6492125968503875
    },
    "epoch_0": {
        "accuracy": 0.499,
        "macro_f1": 0.33288859239492996,
        "f1_score": 0.6657771847898599,
        "precision": 0.499,
        "recall": 1.0,
        "roc_auc": 0.5
    },
    "epoch_1": {
        "accuracy": 0.499,
        "macro_f1": 0.33288859239492996,
        "f1_score": 0.6657771847898599,
        "precision": 0.499,
        "recall": 1.0,
        "roc_auc": 0.5
    },
    "epoch_2": {
        "accuracy": 0.501,
        "macro_f1": 0.3373094764744864,
        "f1_score": 0.6666666666666666,
        "precision": 0.5,
        "recall": 1.0,
        "roc_auc": 0.501996007984032
    },
    "epoch_3": {
        "accuracy": 0.595,
        "macro_f1": 0.5540585625710891,
        "f1_score": 0.6891788181120491,
        "precision": 0.5584577114427861,
        "recall": 0.8997995991983968,
        "roc_auc": 0.5956083824335298
    },
    "epoch_4": {
        "accuracy": 0.582,
        "macro_f1": 0.5123180526323158,
        "f1_score": 0.6966618287373004,
        "precision": 0.5460750853242321,
        "recall": 0.9619238476953907,
        "roc_auc": 0.5827583310333242
    },
    "epoch_5": {
        "accuracy": 0.61,
        "macro_f1": 0.5817245817245817,
        "f1_score": 0.6904761904761905,
        "precision": 0.5716162943495401,
        "recall": 0.8717434869739479,
        "roc_auc": 0.6105224420897684
    },
    "epoch_6": {
        "accuracy": 0.63,
        "macro_f1": 0.6173242484041387,
        "f1_score": 0.6869712351945855,
        "precision": 0.5944363103953147,
        "recall": 0.8136272545090181,
        "roc_auc": 0.6303665214660858
    },
    "epoch_7": {
        "accuracy": 0.638,
        "macro_f1": 0.6264282411993924,
        "f1_score": 0.6921768707482994,
        "precision": 0.6011816838995568,
        "recall": 0.8156312625250501,
        "roc_auc": 0.6383545534182137
    },
    "epoch_8": {
        "accuracy": 0.648,
        "macro_f1": 0.6409628722970216,
        "f1_score": 0.6912280701754386,
        "precision": 0.6146645865834633,
        "recall": 0.7895791583166333,
        "roc_auc": 0.6482825931303726
    },
    "epoch_9": {
        "accuracy": 0.649,
        "macro_f1": 0.645087085113375,
        "f1_score": 0.6823529411764706,
        "precision": 0.6221122112211221,
        "recall": 0.7555110220440882,
        "roc_auc": 0.6492125968503875
    }
}