{
    "best_model_path": "/apdcephfs_qy3/share_1565115/modihanwang/MultiAgentsProject/model/MAST-PNU_full/checkpoints/Sent140/round_6_ckpt.pth",
    "best_epoch": {
        "accuracy": 0.769,
        "macro_f1": 0.7679583651009381,
        "f1_score": 0.752411575562701,
        "precision": 0.8087557603686636,
        "recall": 0.7034068136272545,
        "roc_auc": 0.768869075476302
    },
    "epoch_0": {
        "accuracy": 0.632,
        "macro_f1": 0.6282828282828283,
        "f1_score": 0.5911111111111111,
        "precision": 0.6633416458852868,
        "recall": 0.533066132264529,
        "roc_auc": 0.6318025272101088
    },
    "epoch_1": {
        "accuracy": 0.744,
        "macro_f1": 0.7438268269350081,
        "f1_score": 0.7504873294346979,
        "precision": 0.7305502846299811,
        "recall": 0.7715430861723447,
        "roc_auc": 0.7440549762199049
    },
    "epoch_2": {
        "accuracy": 0.74,
        "macro_f1": 0.7312939231087227,
        "f1_score": 0.6829268292682927,
        "precision": 0.8722741433021807,
        "recall": 0.561122244488978,
        "roc_auc": 0.7396429585718344
    },
    "epoch_3": {
        "accuracy": 0.747,
        "macro_f1": 0.7469977229795068,
        "f1_score": 0.7477567298105683,
        "precision": 0.7440476190476191,
        "recall": 0.751503006012024,
        "roc_auc": 0.7470089880359523
    },
    "epoch_4": {
        "accuracy": 0.749,
        "macro_f1": 0.7446173788382431,
        "f1_score": 0.7111622554660529,
        "precision": 0.8351351351351352,
        "recall": 0.6192384769539078,
        "roc_auc": 0.7487409949639798
    },
    "epoch_5": {
        "accuracy": 0.76,
        "macro_f1": 0.7599385442673324,
        "f1_score": 0.7637795275590551,
        "precision": 0.7504835589941973,
        "recall": 0.7775551102204409,
        "roc_auc": 0.7600350401401605
    },
    "epoch_6": {
        "accuracy": 0.656,
        "macro_f1": 0.6172998277849224,
        "f1_score": 0.49560117302052786,
        "precision": 0.9234972677595629,
        "recall": 0.33867735470941884,
        "roc_auc": 0.6553666214664859
    },
    "epoch_7": {
        "accuracy": 0.742,
        "macro_f1": 0.7350465619724038,
        "f1_score": 0.6921241050119332,
        "precision": 0.855457227138643,
        "recall": 0.5811623246492986,
        "roc_auc": 0.7416789667158667
    },
    "epoch_8": {
        "accuracy": 0.757,
        "macro_f1": 0.7568227237656251,
        "f1_score": 0.7633885102239533,
        "precision": 0.7424242424242424,
        "recall": 0.7855711422845691,
        "roc_auc": 0.7570570282281128
    },
    "epoch_9": {
        "accuracy": 0.769,
        "macro_f1": 0.7679583651009381,
        "f1_score": 0.752411575562701,
        "precision": 0.8087557603686636,
        "recall": 0.7034068136272545,
        "roc_auc": 0.768869075476302
    }
}