{
    "best_model_path": "/apdcephfs_qy3/share_1565115/modihanwang/MultiAgentsProject/model/MAST-PNU_full/checkpoints/Sent140/round_2_ckpt.pth",
    "best_epoch": {
        "accuracy": 0.774,
        "macro_f1": 0.773955695316282,
        "f1_score": 0.77079107505071,
        "precision": 0.7802874743326489,
        "recall": 0.7615230460921844,
        "roc_auc": 0.7739750959003835
    },
    "epoch_0": {
        "accuracy": 0.637,
        "macro_f1": 0.5981308100819348,
        "f1_score": 0.4731494920174166,
        "precision": 0.8578947368421053,
        "recall": 0.32665330661322645,
        "roc_auc": 0.636380545522182
    },
    "epoch_1": {
        "accuracy": 0.689,
        "macro_f1": 0.6888876884555324,
        "f1_score": 0.6947988223748773,
        "precision": 0.6807692307692308,
        "recall": 0.7094188376753507,
        "roc_auc": 0.6890407561630246
    },
    "epoch_2": {
        "accuracy": 0.702,
        "macro_f1": 0.6828046033780245,
        "f1_score": 0.6047745358090185,
        "precision": 0.8941176470588236,
        "recall": 0.45691382765531063,
        "roc_auc": 0.7015108060432241
    },
    "epoch_3": {
        "accuracy": 0.757,
        "macro_f1": 0.7567350845070282,
        "f1_score": 0.7487073422957601,
        "precision": 0.7735042735042735,
        "recall": 0.7254509018036072,
        "roc_auc": 0.756937027748111
    },
    "epoch_4": {
        "accuracy": 0.708,
        "macro_f1": 0.68951496282686,
        "f1_score": 0.6137566137566137,
        "precision": 0.9027237354085603,
        "recall": 0.4649298597194389,
        "roc_auc": 0.7075148300593203
    },
    "epoch_5": {
        "accuracy": 0.774,
        "macro_f1": 0.773955695316282,
        "f1_score": 0.77079107505071,
        "precision": 0.7802874743326489,
        "recall": 0.7615230460921844,
        "roc_auc": 0.7739750959003835
    },
    "epoch_6": {
        "accuracy": 0.677,
        "macro_f1": 0.6475642104183511,
        "f1_score": 0.5457102672292545,
        "precision": 0.9150943396226415,
        "recall": 0.38877755511022044,
        "roc_auc": 0.6764247056988228
    },
    "epoch_7": {
        "accuracy": 0.722,
        "macro_f1": 0.7108936920747433,
        "f1_score": 0.654228855721393,
        "precision": 0.8622950819672132,
        "recall": 0.5270541082164328,
        "roc_auc": 0.7216108864435458
    },
    "epoch_8": {
        "accuracy": 0.667,
        "macro_f1": 0.6338240970135222,
        "f1_score": 0.5236051502145923,
        "precision": 0.915,
        "recall": 0.3667334669338677,
        "roc_auc": 0.6664006656026624
    },
    "epoch_9": {
        "accuracy": 0.748,
        "macro_f1": 0.7426638781778969,
        "f1_score": 0.705607476635514,
        "precision": 0.84593837535014,
        "recall": 0.6052104208416834,
        "roc_auc": 0.7477149908599634
    }
}