{
    "best_model_path": "/apdcephfs_qy3/share_1565115/modihanwang/MultiAgentsProject/model/MAST-PNU_full/checkpoints/Sent140/round_1_ckpt.pth",
    "best_epoch": {
        "accuracy": 0.736,
        "macro_f1": 0.7305671561363329,
        "f1_score": 0.6923076923076923,
        "precision": 0.8272980501392758,
        "recall": 0.5951903807615231,
        "roc_auc": 0.7357189428757716
    },
    "epoch_0": {
        "accuracy": 0.611,
        "macro_f1": 0.5781638524375948,
        "f1_score": 0.4604715672676838,
        "precision": 0.7477477477477478,
        "recall": 0.33266533066132264,
        "roc_auc": 0.6104444417777671
    },
    "epoch_1": {
        "accuracy": 0.589,
        "macro_f1": 0.5209069895124092,
        "f1_score": 0.3402889245585875,
        "precision": 0.8548387096774194,
        "recall": 0.2124248496993988,
        "roc_auc": 0.588248352993412
    },
    "epoch_2": {
        "accuracy": 0.626,
        "macro_f1": 0.5821341103702247,
        "f1_score": 0.4467455621301775,
        "precision": 0.8531073446327684,
        "recall": 0.3026052104208417,
        "roc_auc": 0.6253545014180056
    },
    "epoch_3": {
        "accuracy": 0.718,
        "macro_f1": 0.715486034601741,
        "f1_score": 0.6887417218543046,
        "precision": 0.7665847665847666,
        "recall": 0.625250501002004,
        "roc_auc": 0.717814871259485
    },
    "epoch_4": {
        "accuracy": 0.68,
        "macro_f1": 0.6583007295279424,
        "f1_score": 0.5721925133689839,
        "precision": 0.8594377510040161,
        "recall": 0.4288577154308617,
        "roc_auc": 0.6794987179948719
    },
    "epoch_5": {
        "accuracy": 0.685,
        "macro_f1": 0.6662538102689994,
        "f1_score": 0.5871559633027523,
        "precision": 0.8484848484848485,
        "recall": 0.44889779559118237,
        "roc_auc": 0.6845287381149525
    },
    "epoch_6": {
        "accuracy": 0.732,
        "macro_f1": 0.7287174815264703,
        "f1_score": 0.698876404494382,
        "precision": 0.7953964194373402,
        "recall": 0.6232464929859719,
        "roc_auc": 0.7317829271317086
    },
    "epoch_7": {
        "accuracy": 0.656,
        "macro_f1": 0.6224741987453852,
        "f1_score": 0.50997150997151,
        "precision": 0.8817733990147784,
        "recall": 0.3587174348697395,
        "roc_auc": 0.6554066216264866
    },
    "epoch_8": {
        "accuracy": 0.736,
        "macro_f1": 0.7305671561363329,
        "f1_score": 0.6923076923076923,
        "precision": 0.8272980501392758,
        "recall": 0.5951903807615231,
        "roc_auc": 0.7357189428757716
    },
    "epoch_9": {
        "accuracy": 0.643,
        "macro_f1": 0.6008385744234801,
        "f1_score": 0.4711111111111111,
        "precision": 0.9034090909090909,
        "recall": 0.3186372745490982,
        "roc_auc": 0.6423525694102776
    }
}