{
    "best_model_path": "/apdcephfs_qy3/share_1565115/modihanwang/MultiAgentsProject/model/MAST-PNU_full/checkpoints/Sent140/round_9_ckpt.pth",
    "best_epoch": {
        "accuracy": 0.772,
        "macro_f1": 0.770744597415447,
        "f1_score": 0.7537796976241901,
        "precision": 0.8173302107728337,
        "recall": 0.6993987975951904,
        "roc_auc": 0.7718550874203497
    },
    "epoch_0": {
        "accuracy": 0.633,
        "macro_f1": 0.5847096192341683,
        "f1_score": 0.44309559939301973,
        "precision": 0.9125,
        "recall": 0.2925851703406814,
        "roc_auc": 0.6323205292821172
    },
    "epoch_1": {
        "accuracy": 0.688,
        "macro_f1": 0.6642431912393301,
        "f1_score": 0.5749318801089919,
        "precision": 0.8978723404255319,
        "recall": 0.4228456913827655,
        "roc_auc": 0.6874707498829995
    },
    "epoch_2": {
        "accuracy": 0.764,
        "macro_f1": 0.760551948051948,
        "f1_score": 0.7318181818181818,
        "precision": 0.8451443569553806,
        "recall": 0.6452905811623246,
        "roc_auc": 0.7637630550522202
    },
    "epoch_3": {
        "accuracy": 0.765,
        "macro_f1": 0.7642869680784372,
        "f1_score": 0.7513227513227513,
        "precision": 0.7959641255605381,
        "recall": 0.7114228456913828,
        "roc_auc": 0.7648930595722383
    },
    "epoch_4": {
        "accuracy": 0.692,
        "macro_f1": 0.6703992877200192,
        "f1_score": 0.5860215053763441,
        "precision": 0.889795918367347,
        "recall": 0.43687374749499,
        "roc_auc": 0.6914907659630639
    },
    "epoch_5": {
        "accuracy": 0.765,
        "macro_f1": 0.7606376206360927,
        "f1_score": 0.7283236994219653,
        "precision": 0.860655737704918,
        "recall": 0.6312625250501002,
        "roc_auc": 0.7647330589322358
    },
    "epoch_6": {
        "accuracy": 0.772,
        "macro_f1": 0.770744597415447,
        "f1_score": 0.7537796976241901,
        "precision": 0.8173302107728337,
        "recall": 0.6993987975951904,
        "roc_auc": 0.7718550874203497
    },
    "epoch_7": {
        "accuracy": 0.759,
        "macro_f1": 0.7545262407374398,
        "f1_score": 0.7213872832369942,
        "precision": 0.8524590163934426,
        "recall": 0.625250501002004,
        "roc_auc": 0.7587330349321397
    },
    "epoch_8": {
        "accuracy": 0.76,
        "macro_f1": 0.75506105103303,
        "f1_score": 0.7202797202797203,
        "precision": 0.8607242339832869,
        "recall": 0.6192384769539078,
        "roc_auc": 0.7597190388761554
    },
    "epoch_9": {
        "accuracy": 0.755,
        "macro_f1": 0.7491273214682502,
        "f1_score": 0.7107438016528925,
        "precision": 0.8649425287356322,
        "recall": 0.6032064128256514,
        "roc_auc": 0.7546970187880752
    }
}