{
    "best_model_path": "/apdcephfs_qy3/share_1565115/modihanwang/MultiAgentsProject/model/MAST-PNU_full/checkpoints/MAMI/round_0_ckpt.pth",
    "best_epoch": {
        "accuracy": 0.661,
        "macro_f1": 0.6515124257921925,
        "f1_score": 0.7090128755364807,
        "precision": 0.6210526315789474,
        "recall": 0.826,
        "roc_auc": 0.661
    },
    "epoch_0": {
        "accuracy": 0.5,
        "macro_f1": 0.3333333333333333,
        "f1_score": 0.6666666666666666,
        "precision": 0.5,
        "recall": 1.0,
        "roc_auc": 0.5
    },
    "epoch_1": {
        "accuracy": 0.513,
        "macro_f1": 0.3711057304277643,
        "f1_score": 0.6698305084745763,
        "precision": 0.5066666666666667,
        "recall": 0.988,
        "roc_auc": 0.513
    },
    "epoch_2": {
        "accuracy": 0.519,
        "macro_f1": 0.38919006094130765,
        "f1_score": 0.6707734428473648,
        "precision": 0.5098855359001041,
        "recall": 0.98,
        "roc_auc": 0.519
    },
    "epoch_3": {
        "accuracy": 0.524,
        "macro_f1": 0.4031347962382445,
        "f1_score": 0.6717241379310345,
        "precision": 0.5126315789473684,
        "recall": 0.974,
        "roc_auc": 0.524
    },
    "epoch_4": {
        "accuracy": 0.537,
        "macro_f1": 0.4301615608896372,
        "f1_score": 0.6769016050244243,
        "precision": 0.5198285101822079,
        "recall": 0.97,
        "roc_auc": 0.5369999999999999
    },
    "epoch_5": {
        "accuracy": 0.547,
        "macro_f1": 0.4527498414424209,
        "f1_score": 0.6798586572438162,
        "precision": 0.5256830601092897,
        "recall": 0.962,
        "roc_auc": 0.5469999999999999
    },
    "epoch_6": {
        "accuracy": 0.578,
        "macro_f1": 0.5175400487490339,
        "f1_score": 0.6883308714918759,
        "precision": 0.5456674473067916,
        "recall": 0.932,
        "roc_auc": 0.5780000000000001
    },
    "epoch_7": {
        "accuracy": 0.607,
        "macro_f1": 0.569539144007229,
        "f1_score": 0.6965250965250965,
        "precision": 0.5672955974842767,
        "recall": 0.902,
        "roc_auc": 0.6070000000000001
    },
    "epoch_8": {
        "accuracy": 0.643,
        "macro_f1": 0.6263654146244972,
        "f1_score": 0.7052023121387283,
        "precision": 0.60056258790436,
        "recall": 0.854,
        "roc_auc": 0.643
    },
    "epoch_9": {
        "accuracy": 0.661,
        "macro_f1": 0.6515124257921925,
        "f1_score": 0.7090128755364807,
        "precision": 0.6210526315789474,
        "recall": 0.826,
        "roc_auc": 0.661
    }
}