{
    "best_model_path": "/apdcephfs_qy3/share_1565115/modihanwang/MultiAgentsProject/model/MAST-PNU_full/checkpoints/MAMI/round_8_ckpt.pth",
    "best_epoch": {
        "accuracy": 0.762,
        "macro_f1": 0.7615794261076538,
        "f1_score": 0.7515657620041754,
        "precision": 0.7860262008733624,
        "recall": 0.72,
        "roc_auc": 0.762
    },
    "epoch_0": {
        "accuracy": 0.618,
        "macro_f1": 0.5756234558026272,
        "f1_score": 0.4415204678362573,
        "precision": 0.8206521739130435,
        "recall": 0.302,
        "roc_auc": 0.618
    },
    "epoch_1": {
        "accuracy": 0.728,
        "macro_f1": 0.727843237704918,
        "f1_score": 0.7213114754098361,
        "precision": 0.7394957983193278,
        "recall": 0.704,
        "roc_auc": 0.728
    },
    "epoch_2": {
        "accuracy": 0.705,
        "macro_f1": 0.7030517223503405,
        "f1_score": 0.727104532839963,
        "precision": 0.6764199655765921,
        "recall": 0.786,
        "roc_auc": 0.7050000000000001
    },
    "epoch_3": {
        "accuracy": 0.732,
        "macro_f1": 0.7318927571028412,
        "f1_score": 0.726530612244898,
        "precision": 0.7416666666666667,
        "recall": 0.712,
        "roc_auc": 0.732
    },
    "epoch_4": {
        "accuracy": 0.735,
        "macro_f1": 0.7320458050001264,
        "f1_score": 0.7039106145251397,
        "precision": 0.7974683544303798,
        "recall": 0.63,
        "roc_auc": 0.7349999999999999
    },
    "epoch_5": {
        "accuracy": 0.729,
        "macro_f1": 0.7283477629789123,
        "f1_score": 0.7150368033648791,
        "precision": 0.753880266075388,
        "recall": 0.68,
        "roc_auc": 0.7290000000000001
    },
    "epoch_6": {
        "accuracy": 0.739,
        "macro_f1": 0.7385605202345142,
        "f1_score": 0.7278415015641293,
        "precision": 0.7603485838779956,
        "recall": 0.698,
        "roc_auc": 0.739
    },
    "epoch_7": {
        "accuracy": 0.697,
        "macro_f1": 0.6802309935318012,
        "f1_score": 0.7534580960130187,
        "precision": 0.635116598079561,
        "recall": 0.926,
        "roc_auc": 0.6970000000000001
    },
    "epoch_8": {
        "accuracy": 0.719,
        "macro_f1": 0.7096984479714534,
        "f1_score": 0.6577344701583435,
        "precision": 0.8411214953271028,
        "recall": 0.54,
        "roc_auc": 0.7190000000000001
    },
    "epoch_9": {
        "accuracy": 0.762,
        "macro_f1": 0.7615794261076538,
        "f1_score": 0.7515657620041754,
        "precision": 0.7860262008733624,
        "recall": 0.72,
        "roc_auc": 0.762
    }
}