{
    "best_model_path": "/apdcephfs_qy3/share_1565115/modihanwang/MultiAgentsProject/model/MAST-PNU_full/checkpoints/MAMI/round_7_ckpt.pth",
    "best_epoch": {
        "accuracy": 0.74,
        "macro_f1": 0.7381524033580947,
        "f1_score": 0.7161572052401747,
        "precision": 0.7884615384615384,
        "recall": 0.656,
        "roc_auc": 0.7400000000000001
    },
    "epoch_0": {
        "accuracy": 0.607,
        "macro_f1": 0.5532014311196909,
        "f1_score": 0.3981623277182236,
        "precision": 0.8496732026143791,
        "recall": 0.26,
        "roc_auc": 0.607
    },
    "epoch_1": {
        "accuracy": 0.715,
        "macro_f1": 0.6995163795203017,
        "f1_score": 0.6313065976714101,
        "precision": 0.8937728937728938,
        "recall": 0.488,
        "roc_auc": 0.715
    },
    "epoch_2": {
        "accuracy": 0.721,
        "macro_f1": 0.7165714285714286,
        "f1_score": 0.6811428571428572,
        "precision": 0.7946666666666666,
        "recall": 0.596,
        "roc_auc": 0.7210000000000001
    },
    "epoch_3": {
        "accuracy": 0.732,
        "macro_f1": 0.7282156750595289,
        "f1_score": 0.6961451247165533,
        "precision": 0.8036649214659686,
        "recall": 0.614,
        "roc_auc": 0.732
    },
    "epoch_4": {
        "accuracy": 0.712,
        "macro_f1": 0.7096481500151225,
        "f1_score": 0.7357798165137615,
        "precision": 0.6796610169491526,
        "recall": 0.802,
        "roc_auc": 0.712
    },
    "epoch_5": {
        "accuracy": 0.727,
        "macro_f1": 0.7235944066847629,
        "f1_score": 0.6929133858267716,
        "precision": 0.7917737789203085,
        "recall": 0.616,
        "roc_auc": 0.7270000000000001
    },
    "epoch_6": {
        "accuracy": 0.74,
        "macro_f1": 0.7381524033580947,
        "f1_score": 0.7161572052401747,
        "precision": 0.7884615384615384,
        "recall": 0.656,
        "roc_auc": 0.7400000000000001
    },
    "epoch_7": {
        "accuracy": 0.735,
        "macro_f1": 0.7289831550247035,
        "f1_score": 0.6886016451233843,
        "precision": 0.8347578347578347,
        "recall": 0.586,
        "roc_auc": 0.735
    },
    "epoch_8": {
        "accuracy": 0.739,
        "macro_f1": 0.7356241852210881,
        "f1_score": 0.705749718151071,
        "precision": 0.8087855297157622,
        "recall": 0.626,
        "roc_auc": 0.739
    },
    "epoch_9": {
        "accuracy": 0.742,
        "macro_f1": 0.7378379147343221,
        "f1_score": 0.7048054919908466,
        "precision": 0.8235294117647058,
        "recall": 0.616,
        "roc_auc": 0.7420000000000001
    }
}