{
    "best_model_path": "/apdcephfs_qy3/share_1565115/modihanwang/MultiAgentsProject/model/MAST-PNU_full/checkpoints/MAMI/round_1_ckpt.pth",
    "best_epoch": {
        "accuracy": 0.73,
        "macro_f1": 0.7247582970082247,
        "f1_score": 0.6867749419953596,
        "precision": 0.8176795580110497,
        "recall": 0.592,
        "roc_auc": 0.73
    },
    "epoch_0": {
        "accuracy": 0.513,
        "macro_f1": 0.39542084047676096,
        "f1_score": 0.6620402498265093,
        "precision": 0.5069075451647184,
        "recall": 0.954,
        "roc_auc": 0.5129999999999999
    },
    "epoch_1": {
        "accuracy": 0.688,
        "macro_f1": 0.6879950079201267,
        "f1_score": 0.6892430278884463,
        "precision": 0.6865079365079365,
        "recall": 0.692,
        "roc_auc": 0.688
    },
    "epoch_2": {
        "accuracy": 0.668,
        "macro_f1": 0.6636285161964897,
        "f1_score": 0.7019748653500898,
        "precision": 0.6368078175895765,
        "recall": 0.782,
        "roc_auc": 0.668
    },
    "epoch_3": {
        "accuracy": 0.689,
        "macro_f1": 0.6772248393648699,
        "f1_score": 0.61557478368356,
        "precision": 0.8058252427184466,
        "recall": 0.498,
        "roc_auc": 0.6890000000000001
    },
    "epoch_4": {
        "accuracy": 0.678,
        "macro_f1": 0.6501809933121558,
        "f1_score": 0.5515320334261838,
        "precision": 0.908256880733945,
        "recall": 0.396,
        "roc_auc": 0.6779999999999999
    },
    "epoch_5": {
        "accuracy": 0.73,
        "macro_f1": 0.7247582970082247,
        "f1_score": 0.6867749419953596,
        "precision": 0.8176795580110497,
        "recall": 0.592,
        "roc_auc": 0.73
    },
    "epoch_6": {
        "accuracy": 0.666,
        "macro_f1": 0.6388892492788596,
        "f1_score": 0.5399449035812672,
        "precision": 0.8672566371681416,
        "recall": 0.392,
        "roc_auc": 0.6659999999999999
    },
    "epoch_7": {
        "accuracy": 0.718,
        "macro_f1": 0.7158987874318459,
        "f1_score": 0.6914660831509847,
        "precision": 0.7632850241545893,
        "recall": 0.632,
        "roc_auc": 0.7180000000000001
    },
    "epoch_8": {
        "accuracy": 0.709,
        "macro_f1": 0.6957082312491961,
        "f1_score": 0.6321112515802781,
        "precision": 0.8591065292096219,
        "recall": 0.5,
        "roc_auc": 0.709
    },
    "epoch_9": {
        "accuracy": 0.71,
        "macro_f1": 0.7067045321229333,
        "f1_score": 0.6756152125279642,
        "precision": 0.766497461928934,
        "recall": 0.604,
        "roc_auc": 0.7100000000000001
    }
}