{
    "best_model_path": "/apdcephfs_qy3/share_1565115/modihanwang/MultiAgentsProject/model/MAST-PNU_full/checkpoints/MAMI/round_17_ckpt.pth",
    "best_epoch": {
        "accuracy": 0.75,
        "macro_f1": 0.747771307271047,
        "f1_score": 0.7240618101545254,
        "precision": 0.8078817733990148,
        "recall": 0.656,
        "roc_auc": 0.75
    },
    "epoch_0": {
        "accuracy": 0.718,
        "macro_f1": 0.7039295478311265,
        "f1_score": 0.639386189258312,
        "precision": 0.8865248226950354,
        "recall": 0.5,
        "roc_auc": 0.718
    },
    "epoch_1": {
        "accuracy": 0.728,
        "macro_f1": 0.7195078187195532,
        "f1_score": 0.6707021791767555,
        "precision": 0.8496932515337423,
        "recall": 0.554,
        "roc_auc": 0.7280000000000001
    },
    "epoch_2": {
        "accuracy": 0.711,
        "macro_f1": 0.6964410071436149,
        "f1_score": 0.6299615877080665,
        "precision": 0.8754448398576512,
        "recall": 0.492,
        "roc_auc": 0.711
    },
    "epoch_3": {
        "accuracy": 0.735,
        "macro_f1": 0.7258179161954701,
        "f1_score": 0.6756425948592412,
        "precision": 0.8706624605678234,
        "recall": 0.552,
        "roc_auc": 0.735
    },
    "epoch_4": {
        "accuracy": 0.75,
        "macro_f1": 0.747771307271047,
        "f1_score": 0.7240618101545254,
        "precision": 0.8078817733990148,
        "recall": 0.656,
        "roc_auc": 0.75
    },
    "epoch_5": {
        "accuracy": 0.719,
        "macro_f1": 0.7071693488634314,
        "f1_score": 0.6483103879849812,
        "precision": 0.8662207357859532,
        "recall": 0.518,
        "roc_auc": 0.719
    },
    "epoch_6": {
        "accuracy": 0.735,
        "macro_f1": 0.7268241190593265,
        "f1_score": 0.6795646916565901,
        "precision": 0.8593272171253823,
        "recall": 0.562,
        "roc_auc": 0.735
    },
    "epoch_7": {
        "accuracy": 0.704,
        "macro_f1": 0.6849334315432727,
        "f1_score": 0.6074270557029178,
        "precision": 0.9015748031496063,
        "recall": 0.458,
        "roc_auc": 0.704
    },
    "epoch_8": {
        "accuracy": 0.747,
        "macro_f1": 0.741718399552448,
        "f1_score": 0.704784130688448,
        "precision": 0.84593837535014,
        "recall": 0.604,
        "roc_auc": 0.7470000000000001
    },
    "epoch_9": {
        "accuracy": 0.737,
        "macro_f1": 0.7303534830025293,
        "f1_score": 0.6880189798339265,
        "precision": 0.8454810495626822,
        "recall": 0.58,
        "roc_auc": 0.737
    }
}