{
    "best_model_path": "/apdcephfs_qy3/share_1565115/modihanwang/MultiAgentsProject/model/MAST-PNU_full/checkpoints/MAMI/round_9_ckpt.pth",
    "best_epoch": {
        "accuracy": 0.756,
        "macro_f1": 0.7552324088341038,
        "f1_score": 0.7415254237288136,
        "precision": 0.7882882882882883,
        "recall": 0.7,
        "roc_auc": 0.756
    },
    "epoch_0": {
        "accuracy": 0.712,
        "macro_f1": 0.6976301765083844,
        "f1_score": 0.6317135549872123,
        "precision": 0.875886524822695,
        "recall": 0.494,
        "roc_auc": 0.712
    },
    "epoch_1": {
        "accuracy": 0.749,
        "macro_f1": 0.7473423129150356,
        "f1_score": 0.7268770402611534,
        "precision": 0.7971360381861575,
        "recall": 0.668,
        "roc_auc": 0.7490000000000001
    },
    "epoch_2": {
        "accuracy": 0.731,
        "macro_f1": 0.7212524778996737,
        "f1_score": 0.6691266912669127,
        "precision": 0.8690095846645367,
        "recall": 0.544,
        "roc_auc": 0.731
    },
    "epoch_3": {
        "accuracy": 0.743,
        "macro_f1": 0.7429257055288978,
        "f1_score": 0.7472959685349065,
        "precision": 0.7350096711798839,
        "recall": 0.76,
        "roc_auc": 0.743
    },
    "epoch_4": {
        "accuracy": 0.75,
        "macro_f1": 0.7451465713039117,
        "f1_score": 0.7099767981438515,
        "precision": 0.8453038674033149,
        "recall": 0.612,
        "roc_auc": 0.75
    },
    "epoch_5": {
        "accuracy": 0.74,
        "macro_f1": 0.7392950538255443,
        "f1_score": 0.7257383966244726,
        "precision": 0.7678571428571429,
        "recall": 0.688,
        "roc_auc": 0.74
    },
    "epoch_6": {
        "accuracy": 0.706,
        "macro_f1": 0.6886595842016978,
        "f1_score": 0.6151832460732984,
        "precision": 0.8901515151515151,
        "recall": 0.47,
        "roc_auc": 0.706
    },
    "epoch_7": {
        "accuracy": 0.744,
        "macro_f1": 0.74251275366517,
        "f1_score": 0.7229437229437229,
        "precision": 0.7877358490566038,
        "recall": 0.668,
        "roc_auc": 0.7440000000000001
    },
    "epoch_8": {
        "accuracy": 0.741,
        "macro_f1": 0.7385399221272957,
        "f1_score": 0.7131782945736435,
        "precision": 0.7990074441687345,
        "recall": 0.644,
        "roc_auc": 0.741
    },
    "epoch_9": {
        "accuracy": 0.756,
        "macro_f1": 0.7552324088341038,
        "f1_score": 0.7415254237288136,
        "precision": 0.7882882882882883,
        "recall": 0.7,
        "roc_auc": 0.756
    }
}