{
    "best_model_path": "/apdcephfs_qy3/share_1565115/modihanwang/MultiAgentsProject/model/MAST-PNU_full/checkpoints/MAMI/round_10_ckpt.pth",
    "best_epoch": {
        "accuracy": 0.766,
        "macro_f1": 0.7640891218872871,
        "f1_score": 0.7428571428571429,
        "precision": 0.824390243902439,
        "recall": 0.676,
        "roc_auc": 0.7660000000000001
    },
    "epoch_0": {
        "accuracy": 0.632,
        "macro_f1": 0.5882397697723234,
        "f1_score": 0.4540059347181009,
        "precision": 0.8793103448275862,
        "recall": 0.306,
        "roc_auc": 0.632
    },
    "epoch_1": {
        "accuracy": 0.747,
        "macro_f1": 0.7428524674474601,
        "f1_score": 0.7101947308132875,
        "precision": 0.8310991957104558,
        "recall": 0.62,
        "roc_auc": 0.747
    },
    "epoch_2": {
        "accuracy": 0.743,
        "macro_f1": 0.7379366744877784,
        "f1_score": 0.7015098722415796,
        "precision": 0.8365650969529086,
        "recall": 0.604,
        "roc_auc": 0.743
    },
    "epoch_3": {
        "accuracy": 0.746,
        "macro_f1": 0.7413557844658691,
        "f1_score": 0.7066974595842956,
        "precision": 0.8360655737704918,
        "recall": 0.612,
        "roc_auc": 0.746
    },
    "epoch_4": {
        "accuracy": 0.715,
        "macro_f1": 0.6992271721338723,
        "f1_score": 0.6303501945525292,
        "precision": 0.8966789667896679,
        "recall": 0.486,
        "roc_auc": 0.7149999999999999
    },
    "epoch_5": {
        "accuracy": 0.766,
        "macro_f1": 0.7640891218872871,
        "f1_score": 0.7428571428571429,
        "precision": 0.824390243902439,
        "recall": 0.676,
        "roc_auc": 0.7660000000000001
    },
    "epoch_6": {
        "accuracy": 0.761,
        "macro_f1": 0.757908736658391,
        "f1_score": 0.7305524239007892,
        "precision": 0.8372093023255814,
        "recall": 0.648,
        "roc_auc": 0.761
    },
    "epoch_7": {
        "accuracy": 0.756,
        "macro_f1": 0.7520637643223822,
        "f1_score": 0.7208237986270023,
        "precision": 0.8422459893048129,
        "recall": 0.63,
        "roc_auc": 0.756
    },
    "epoch_8": {
        "accuracy": 0.746,
        "macro_f1": 0.7459837429595494,
        "f1_score": 0.7439516129032258,
        "precision": 0.75,
        "recall": 0.738,
        "roc_auc": 0.746
    },
    "epoch_9": {
        "accuracy": 0.737,
        "macro_f1": 0.731969332399812,
        "f1_score": 0.6952491309385863,
        "precision": 0.8264462809917356,
        "recall": 0.6,
        "roc_auc": 0.7370000000000001
    }
}