{
    "best_model_path": "/apdcephfs_qy3/share_1565115/modihanwang/MultiAgentsProject/model/MAST-PNU_full/checkpoints/MAMI/round_5_ckpt.pth",
    "best_epoch": {
        "accuracy": 0.715,
        "macro_f1": 0.7120627521345242,
        "f1_score": 0.6829810901001112,
        "precision": 0.7694235588972431,
        "recall": 0.614,
        "roc_auc": 0.715
    },
    "epoch_0": {
        "accuracy": 0.696,
        "macro_f1": 0.6871707060063224,
        "f1_score": 0.6346153846153846,
        "precision": 0.7951807228915663,
        "recall": 0.528,
        "roc_auc": 0.6960000000000001
    },
    "epoch_1": {
        "accuracy": 0.663,
        "macro_f1": 0.6308770776855883,
        "f1_score": 0.5219858156028369,
        "precision": 0.8975609756097561,
        "recall": 0.368,
        "roc_auc": 0.6629999999999999
    },
    "epoch_2": {
        "accuracy": 0.715,
        "macro_f1": 0.7120627521345242,
        "f1_score": 0.6829810901001112,
        "precision": 0.7694235588972431,
        "recall": 0.614,
        "roc_auc": 0.715
    },
    "epoch_3": {
        "accuracy": 0.714,
        "macro_f1": 0.7108728002070392,
        "f1_score": 0.6808035714285714,
        "precision": 0.7702020202020202,
        "recall": 0.61,
        "roc_auc": 0.714
    },
    "epoch_4": {
        "accuracy": 0.692,
        "macro_f1": 0.6891350687940055,
        "f1_score": 0.718978102189781,
        "precision": 0.6610738255033557,
        "recall": 0.788,
        "roc_auc": 0.692
    },
    "epoch_5": {
        "accuracy": 0.688,
        "macro_f1": 0.6702516233766234,
        "f1_score": 0.59375,
        "precision": 0.8507462686567164,
        "recall": 0.456,
        "roc_auc": 0.6880000000000001
    },
    "epoch_6": {
        "accuracy": 0.716,
        "macro_f1": 0.7106481481481481,
        "f1_score": 0.6712962962962963,
        "precision": 0.7967032967032966,
        "recall": 0.58,
        "roc_auc": 0.716
    },
    "epoch_7": {
        "accuracy": 0.711,
        "macro_f1": 0.7012113862240874,
        "f1_score": 0.6471306471306472,
        "precision": 0.8307210031347962,
        "recall": 0.53,
        "roc_auc": 0.711
    },
    "epoch_8": {
        "accuracy": 0.712,
        "macro_f1": 0.7073539513313363,
        "f1_score": 0.6704805491990846,
        "precision": 0.7834224598930482,
        "recall": 0.586,
        "roc_auc": 0.712
    },
    "epoch_9": {
        "accuracy": 0.693,
        "macro_f1": 0.6899613108072216,
        "f1_score": 0.7206551410373067,
        "precision": 0.66110183639399,
        "recall": 0.792,
        "roc_auc": 0.6930000000000001
    }
}