{
    "best_model_path": "/apdcephfs_qy3/share_1565115/modihanwang/MultiAgentsProject/model/MAST-PNU_full/checkpoints/MAMI/round_11_ckpt.pth",
    "best_epoch": {
        "accuracy": 0.756,
        "macro_f1": 0.7555266996906009,
        "f1_score": 0.7447698744769874,
        "precision": 0.7807017543859649,
        "recall": 0.712,
        "roc_auc": 0.7560000000000001
    },
    "epoch_0": {
        "accuracy": 0.721,
        "macro_f1": 0.7094957408327165,
        "f1_score": 0.651685393258427,
        "precision": 0.867109634551495,
        "recall": 0.522,
        "roc_auc": 0.7210000000000001
    },
    "epoch_1": {
        "accuracy": 0.756,
        "macro_f1": 0.7555266996906009,
        "f1_score": 0.7447698744769874,
        "precision": 0.7807017543859649,
        "recall": 0.712,
        "roc_auc": 0.7560000000000001
    },
    "epoch_2": {
        "accuracy": 0.719,
        "macro_f1": 0.7092635262299136,
        "f1_score": 0.6560587515299877,
        "precision": 0.8454258675078864,
        "recall": 0.536,
        "roc_auc": 0.719
    },
    "epoch_3": {
        "accuracy": 0.748,
        "macro_f1": 0.742511372414385,
        "f1_score": 0.7049180327868853,
        "precision": 0.8502824858757062,
        "recall": 0.602,
        "roc_auc": 0.748
    },
    "epoch_4": {
        "accuracy": 0.738,
        "macro_f1": 0.730758480080238,
        "f1_score": 0.6866028708133971,
        "precision": 0.8541666666666666,
        "recall": 0.574,
        "roc_auc": 0.7379999999999999
    },
    "epoch_5": {
        "accuracy": 0.746,
        "macro_f1": 0.7394967980669431,
        "f1_score": 0.6983372921615202,
        "precision": 0.8596491228070176,
        "recall": 0.588,
        "roc_auc": 0.7460000000000001
    },
    "epoch_6": {
        "accuracy": 0.708,
        "macro_f1": 0.6919883208722215,
        "f1_score": 0.6217616580310881,
        "precision": 0.8823529411764706,
        "recall": 0.48,
        "roc_auc": 0.708
    },
    "epoch_7": {
        "accuracy": 0.729,
        "macro_f1": 0.7210324065638707,
        "f1_score": 0.6738868832731648,
        "precision": 0.8459214501510574,
        "recall": 0.56,
        "roc_auc": 0.7290000000000001
    },
    "epoch_8": {
        "accuracy": 0.733,
        "macro_f1": 0.7251500094190165,
        "f1_score": 0.6787003610108303,
        "precision": 0.851963746223565,
        "recall": 0.564,
        "roc_auc": 0.733
    },
    "epoch_9": {
        "accuracy": 0.735,
        "macro_f1": 0.7270177253056629,
        "f1_score": 0.6803377563329313,
        "precision": 0.8571428571428571,
        "recall": 0.564,
        "roc_auc": 0.735
    }
}