{
    "best_model_path": "/apdcephfs_qy3/share_1565115/modihanwang/MultiAgentsProject/model/MAST-PNU_full/checkpoints/MAMI/round_6_ckpt.pth",
    "best_epoch": {
        "accuracy": 0.74,
        "macro_f1": 0.7389967033275913,
        "f1_score": 0.7228144989339019,
        "precision": 0.773972602739726,
        "recall": 0.678,
        "roc_auc": 0.74
    },
    "epoch_0": {
        "accuracy": 0.695,
        "macro_f1": 0.6924532049905265,
        "f1_score": 0.7204399633363886,
        "precision": 0.6649746192893401,
        "recall": 0.786,
        "roc_auc": 0.695
    },
    "epoch_1": {
        "accuracy": 0.74,
        "macro_f1": 0.7389967033275913,
        "f1_score": 0.7228144989339019,
        "precision": 0.773972602739726,
        "recall": 0.678,
        "roc_auc": 0.74
    },
    "epoch_2": {
        "accuracy": 0.707,
        "macro_f1": 0.7067533795922372,
        "f1_score": 0.7152575315840622,
        "precision": 0.6956521739130435,
        "recall": 0.736,
        "roc_auc": 0.707
    },
    "epoch_3": {
        "accuracy": 0.708,
        "macro_f1": 0.6986658741166369,
        "f1_score": 0.6456310679611651,
        "precision": 0.8209876543209876,
        "recall": 0.532,
        "roc_auc": 0.708
    },
    "epoch_4": {
        "accuracy": 0.727,
        "macro_f1": 0.7265841344685267,
        "f1_score": 0.7159209157127991,
        "precision": 0.7462039045553145,
        "recall": 0.688,
        "roc_auc": 0.727
    },
    "epoch_5": {
        "accuracy": 0.685,
        "macro_f1": 0.6750483558994197,
        "f1_score": 0.7319148936170212,
        "precision": 0.6370370370370371,
        "recall": 0.86,
        "roc_auc": 0.685
    },
    "epoch_6": {
        "accuracy": 0.717,
        "macro_f1": 0.7127950320644556,
        "f1_score": 0.6780432309442548,
        "precision": 0.7862796833773087,
        "recall": 0.596,
        "roc_auc": 0.717
    },
    "epoch_7": {
        "accuracy": 0.718,
        "macro_f1": 0.7160909958561367,
        "f1_score": 0.6928104575163399,
        "precision": 0.7607655502392344,
        "recall": 0.636,
        "roc_auc": 0.7180000000000001
    },
    "epoch_8": {
        "accuracy": 0.702,
        "macro_f1": 0.6879764118543834,
        "f1_score": 0.6218274111675127,
        "precision": 0.8506944444444444,
        "recall": 0.49,
        "roc_auc": 0.7020000000000001
    },
    "epoch_9": {
        "accuracy": 0.723,
        "macro_f1": 0.7142488716956802,
        "f1_score": 0.6642424242424242,
        "precision": 0.8430769230769231,
        "recall": 0.548,
        "roc_auc": 0.723
    }
}