{
    "best_model_path": "/apdcephfs_qy3/share_1565115/modihanwang/MultiAgentsProject/model/MAST-PNU_full/checkpoints/MAMI/round_3_ckpt.pth",
    "best_epoch": {
        "accuracy": 0.712,
        "macro_f1": 0.7113892997582885,
        "f1_score": 0.7246653919694073,
        "precision": 0.6941391941391941,
        "recall": 0.758,
        "roc_auc": 0.712
    },
    "epoch_0": {
        "accuracy": 0.634,
        "macro_f1": 0.5998845568557485,
        "f1_score": 0.4830508474576271,
        "precision": 0.8221153846153846,
        "recall": 0.342,
        "roc_auc": 0.6340000000000001
    },
    "epoch_1": {
        "accuracy": 0.698,
        "macro_f1": 0.6974141938793504,
        "f1_score": 0.6841004184100419,
        "precision": 0.7171052631578947,
        "recall": 0.654,
        "roc_auc": 0.6980000000000001
    },
    "epoch_2": {
        "accuracy": 0.69,
        "macro_f1": 0.6868686868686869,
        "f1_score": 0.7181818181818181,
        "precision": 0.6583333333333333,
        "recall": 0.79,
        "roc_auc": 0.6900000000000002
    },
    "epoch_3": {
        "accuracy": 0.683,
        "macro_f1": 0.6765698859016098,
        "f1_score": 0.7221735319894829,
        "precision": 0.6427457098283932,
        "recall": 0.824,
        "roc_auc": 0.6829999999999999
    },
    "epoch_4": {
        "accuracy": 0.701,
        "macro_f1": 0.7004965346747883,
        "f1_score": 0.712776176753122,
        "precision": 0.6857670979667283,
        "recall": 0.742,
        "roc_auc": 0.701
    },
    "epoch_5": {
        "accuracy": 0.712,
        "macro_f1": 0.7113892997582885,
        "f1_score": 0.7246653919694073,
        "precision": 0.6941391941391941,
        "recall": 0.758,
        "roc_auc": 0.712
    },
    "epoch_6": {
        "accuracy": 0.655,
        "macro_f1": 0.6467303098226381,
        "f1_score": 0.7007805724197745,
        "precision": 0.6186830015313936,
        "recall": 0.808,
        "roc_auc": 0.655
    },
    "epoch_7": {
        "accuracy": 0.649,
        "macro_f1": 0.6351256529535592,
        "f1_score": 0.7062761506276151,
        "precision": 0.6071942446043166,
        "recall": 0.844,
        "roc_auc": 0.6489999999999999
    },
    "epoch_8": {
        "accuracy": 0.709,
        "macro_f1": 0.7089508126873442,
        "f1_score": 0.7051671732522796,
        "precision": 0.7145790554414785,
        "recall": 0.696,
        "roc_auc": 0.7089999999999999
    },
    "epoch_9": {
        "accuracy": 0.709,
        "macro_f1": 0.7087200799968769,
        "f1_score": 0.6996904024767802,
        "precision": 0.7228144989339019,
        "recall": 0.678,
        "roc_auc": 0.709
    }
}