{
    "best_model_path": "/apdcephfs_qy3/share_1565115/modihanwang/MultiAgentsProject/model/MAST-PNU_full/checkpoints/MAMI/round_2_ckpt.pth",
    "best_epoch": {
        "accuracy": 0.707,
        "macro_f1": 0.7069152985212727,
        "f1_score": 0.711897738446411,
        "precision": 0.7001934235976789,
        "recall": 0.724,
        "roc_auc": 0.707
    },
    "epoch_0": {
        "accuracy": 0.679,
        "macro_f1": 0.6715101018318684,
        "f1_score": 0.6219081272084805,
        "precision": 0.7564469914040115,
        "recall": 0.528,
        "roc_auc": 0.679
    },
    "epoch_1": {
        "accuracy": 0.681,
        "macro_f1": 0.6754300551768906,
        "f1_score": 0.717948717948718,
        "precision": 0.6434231378763867,
        "recall": 0.812,
        "roc_auc": 0.681
    },
    "epoch_2": {
        "accuracy": 0.691,
        "macro_f1": 0.6862533265777955,
        "f1_score": 0.7248441674087266,
        "precision": 0.6532905296950241,
        "recall": 0.814,
        "roc_auc": 0.6910000000000001
    },
    "epoch_3": {
        "accuracy": 0.637,
        "macro_f1": 0.5986817302898004,
        "f1_score": 0.7226890756302521,
        "precision": 0.584672435105068,
        "recall": 0.946,
        "roc_auc": 0.637
    },
    "epoch_4": {
        "accuracy": 0.696,
        "macro_f1": 0.694669982443524,
        "f1_score": 0.7148217636022514,
        "precision": 0.6731448763250883,
        "recall": 0.762,
        "roc_auc": 0.6960000000000001
    },
    "epoch_5": {
        "accuracy": 0.705,
        "macro_f1": 0.7030517223503405,
        "f1_score": 0.6789989118607181,
        "precision": 0.7446300715990454,
        "recall": 0.624,
        "roc_auc": 0.7050000000000001
    },
    "epoch_6": {
        "accuracy": 0.707,
        "macro_f1": 0.7069152985212727,
        "f1_score": 0.711897738446411,
        "precision": 0.7001934235976789,
        "recall": 0.724,
        "roc_auc": 0.707
    },
    "epoch_7": {
        "accuracy": 0.703,
        "macro_f1": 0.701816509727107,
        "f1_score": 0.6830309498399146,
        "precision": 0.7322654462242563,
        "recall": 0.64,
        "roc_auc": 0.7030000000000001
    },
    "epoch_8": {
        "accuracy": 0.653,
        "macro_f1": 0.6368313693969203,
        "f1_score": 0.7134599504541701,
        "precision": 0.6075949367088608,
        "recall": 0.864,
        "roc_auc": 0.6529999999999999
    },
    "epoch_9": {
        "accuracy": 0.671,
        "macro_f1": 0.6574340456414469,
        "f1_score": 0.5892634207240949,
        "precision": 0.7840531561461794,
        "recall": 0.472,
        "roc_auc": 0.671
    }
}