{
    "best_model_path": "/apdcephfs_qy3/share_1565115/modihanwang/MultiAgentsProject/model/MAST-PNU_full/checkpoints/MAMI/round_4_ckpt.pth",
    "best_epoch": {
        "accuracy": 0.721,
        "macro_f1": 0.7191573916465933,
        "f1_score": 0.6964091403699674,
        "precision": 0.7637231503579952,
        "recall": 0.64,
        "roc_auc": 0.7210000000000001
    },
    "epoch_0": {
        "accuracy": 0.657,
        "macro_f1": 0.6271378426826073,
        "f1_score": 0.5216178521617852,
        "precision": 0.8617511520737328,
        "recall": 0.374,
        "roc_auc": 0.657
    },
    "epoch_1": {
        "accuracy": 0.704,
        "macro_f1": 0.6992248944238735,
        "f1_score": 0.6613272311212814,
        "precision": 0.7727272727272727,
        "recall": 0.578,
        "roc_auc": 0.704
    },
    "epoch_2": {
        "accuracy": 0.692,
        "macro_f1": 0.691850855814214,
        "f1_score": 0.6986301369863014,
        "precision": 0.6839080459770115,
        "recall": 0.714,
        "roc_auc": 0.692
    },
    "epoch_3": {
        "accuracy": 0.691,
        "macro_f1": 0.6880650036190517,
        "f1_score": 0.7183226982680037,
        "precision": 0.6599664991624791,
        "recall": 0.788,
        "roc_auc": 0.691
    },
    "epoch_4": {
        "accuracy": 0.71,
        "macro_f1": 0.7079392191301825,
        "f1_score": 0.6834061135371179,
        "precision": 0.7524038461538461,
        "recall": 0.626,
        "roc_auc": 0.7100000000000001
    },
    "epoch_5": {
        "accuracy": 0.718,
        "macro_f1": 0.717981950844854,
        "f1_score": 0.7157258064516129,
        "precision": 0.7215447154471545,
        "recall": 0.71,
        "roc_auc": 0.718
    },
    "epoch_6": {
        "accuracy": 0.721,
        "macro_f1": 0.7191573916465933,
        "f1_score": 0.6964091403699674,
        "precision": 0.7637231503579952,
        "recall": 0.64,
        "roc_auc": 0.7210000000000001
    },
    "epoch_7": {
        "accuracy": 0.719,
        "macro_f1": 0.7178802667788453,
        "f1_score": 0.7001067235859125,
        "precision": 0.7505720823798627,
        "recall": 0.656,
        "roc_auc": 0.7190000000000001
    },
    "epoch_8": {
        "accuracy": 0.68,
        "macro_f1": 0.673787611269007,
        "f1_score": 0.718804920913884,
        "precision": 0.6410658307210031,
        "recall": 0.818,
        "roc_auc": 0.68
    },
    "epoch_9": {
        "accuracy": 0.717,
        "macro_f1": 0.7146369082371116,
        "f1_score": 0.6886688668866887,
        "precision": 0.7652811735941321,
        "recall": 0.626,
        "roc_auc": 0.7170000000000001
    }
}